대분류,지번주소 (읍/면/동),관할주소,인구[명],교통량(AADT),숙박업소(관광지수),상권밀집도(비율)
근린생활시설,강원특별자치도 강릉시 옥천동 62-3,강원특별자치도 강릉시 옥천동,3236,8976,52,0.11
근린생활시설,강원특별자치도 원주시 단계동 879-1,강원특별자치도 원주시 무실동,34464,47596,9,0.02
근린생활시설,강원특별자치도 원주시 반곡동 1141,강원특별자치도 원주시 반곡관설동,45914,36457,6,0.02
근린생활시설,강원특별자치도 홍천군 홍천읍 희망리 398-2,강원특별자치도 홍천군 홍천읍,32605,21962,41,0.03
근린생활시설,강원특별자치도 춘천시 후평동 735-23,강원특별자치도 춘천시 후평1동,13775,18836,5,0.02
근린생활시설,경기 가평군 가평읍 읍내리 615-12,경기도 가평군 가평읍,19438,27704,150,0.03
근린생활시설,경기 부천시 소사구 괴안동 112-23,경기도 부천시 소사구 역곡3동,23416,9736,5,0.02
근린생활시설,경기 가평군 청평면 대성리 344-22,경기도 가평군 청평면,12863,5134,106,0.03
근린생활시설,경기 포천시 선단동 557,경기도 포천시 선단동,18136,28033,,0.03
근린생활시설,경기 군포시 대야미동 5,경기도 군포시 대야동,9075,94213,3,0.02
근린생활시설,경남 김해시 삼계동 1460-5,경상남도 김해시 북부동,82345,30599,22,0.01
근린생활시설,경남 김해시 삼정동 616-3,경상남도 김해시 활천동,40591,98741,46,0.02
근린생활시설,경남 김해시 삼정동 616-5,경상남도 김해시 활천동,40591,98741,46,0.02
근린생활시설,경남 김해시 외동 238-19,경상남도 김해시 내외동,72268,81441,9,0.02
근린생활시설,경남 통영시 봉평동 124-7,경상남도 통영시 봉평동,9363,9785,14,0.02
근린생활시설,경북 포항시 북구 장성동 1576-5,경상북도 포항시 북구 장량동,70669,8963,10,0.02
근린생활시설,경북 포항시 남구 상도동 601,경상북도 포항시 남구 상대동,23665,37969,53,0.04
근린생활시설,경북 포항시 북구 죽도동 699-1,경상북도 포항시 북구 죽도동,19406,36156,43,0.05
근린생활시설,경북 경주시 황오동 307-2,경상북도 경주시 황오동,5937,25475,155,0.06
근린생활시설,경북 경주시 황남동 271-46,경상북도 경주시 황남동,3845,25475,1,0.06
근린생활시설,광주 광산구 흑석동 530,광주광역시 광산구 수완동,74166,63810,,0.01
근린생활시설,광주 동구 월남동 625,광주광역시 동구 지원2동,17169,52845,,0.01
근린생활시설,광주 광산구 산정동 143-16,광주광역시 광산구 월곡2동,21404,63810,,0.02
근린생활시설,광주 북구 신안동 335-1,광주광역시 북구 신안동,12894,134317,86,0.03
근린생활시설,광주 동구 동명동 12-3,광주광역시 동구 동명동,4030,97671,49,0.05
근린생활시설,대구 동구 신서동 718,대구광역시 동구 안심4동,27078,72253,1,0.02
근린생활시설,대구 중구 동성로2가 150-16,대구광역시 중구 성내1동,4752,135921,17,0.22
근린생활시설,대구 북구 태전동 1049-2,대구광역시 북구 태전2동,23925,41578,6,0.02
근린생활시설,대구 동구 신천동 300-2,대구광역시 동구 신천4동,7945,27690,45,0.07
근린생활시설,대구 중구 봉산동 5-4,대구광역시 중구 성내1동,4752,135921,17,0.22
근린생활시설,대전 서구 가수원동 655-4,대전광역시 서구 가수원동,10235,44361,,0.02
근린생활시설,대전 서구 가장동 54-26,대전광역시 서구 가장동,10789,44361,1,0.01
근린생활시설,대전 중구 대흥동 452-2,대전광역시 중구 대흥동,13200,51477,74,0.04
근린생활시설,대전 중구 은행동 166-2,대전광역시 중구 은행선화동,13975,98950,41,0.06
근린생활시설,대전 동구 성남동 502-2,대전광역시 동구 성남동,10895,98950,56,0.02
근린생활시설,부산 금정구 구서동 163-2,부산광역시 금정구 구서2동,30692,70579,2,0.01
근린생활시설,부산 부산진구 범전동 383-25,부산광역시 부산진구 부전1동,15192,74754,68,0.08
근린생활시설,부산 강서구 대저1동 2530-3,부산광역시 강서구 대저1동,5604,74754,,0.15
근린생활시설,부산 사상구 주례동 189-9,부산광역시 사상구 주례2동,25037,134118,1,0.01
근린생활시설,부산 사하구 하단동 1157-17,부산광역시 사하구 하단2동,26852,134118,28,0.02
근린생활시설,서울 강서구 등촌동 630,서울특별시 강서구 등촌1동,24308,196415,1,0.02
근린생활시설,서울 양천구 신월동 199-3,서울특별시 양천구 신월3동,14226,190133,,0.02
근린생활시설,서울 서초구 양재동 81,서울특별시 서초구 양재1동,40223,203917,1,0.03
근린생활시설,서울 양천구 신월동 205-48,서울특별시 양천구 신월3동,14226,190133,,0.02
근린생활시설,서울 강서구 화곡동 772-67,서울특별시 강서구 화곡4동,19617,190133,1,0.02
근린생활시설,울산 남구 삼산동 1550-7,울산광역시 남구 삼산동,47809,20222,104,0.05
근린생활시설,울산 남구 달동 1313-9,울산광역시 남구 삼산동,47809,20222,104,0.05
근린생활시설,울산 중구 복산동 40-6,울산광역시 중구 복산동,17417,24520,1,0.01
근린생활시설,울산 북구 연암동 1260-3,울산광역시 북구 효문동,29237,30691,9,0.04
근린생활시설,울산 울주군 삼남읍 가천리 1132-17,울산광역시 울주군 삼남읍,22317,11555,13,0.02
근린생활시설,인천 중구 덕교동 615-12,인천광역시 중구 용유동,3288,76027,122,0.06
근린생활시설,인천 남동구 구월동 1185,인천광역시 남동구 구월1동,31328,145280,6,0.02
근린생활시설,인천 남동구 구월동 1120-16,인천광역시 남동구 구월3동,29993,145280,11,0.04
근린생활시설,인천 연수구 송도동 8-17,인천광역시 연수구 송도1동,38403,60971,3,0.02
근린생활시설,인천 남동구 구월동 279-3,인천광역시 남동구 구월1동,31328,145280,6,0.02
근린생활시설,전남 광양시 중동 1309-3,전라남도 광양시 중마동,56681,11124,42,0.02
근린생활시설,전남 순천시 조례동 382-1,전라남도 순천시 왕조1동,37680,16890,13,0.02
근린생활시설,전남 광양시 마동 421-2,전라남도 광양시 중마동,56681,11124,42,0.02
근린생활시설,전남 장성군 장성읍 영천리 1481-20,전라남도 장성군 장성읍,12715,48279,14,0.03
근린생활시설,전남 목포시 무안동 1-3,전라남도 목포시 목원동,6544,16601,53,0.05
근린생활시설,전북특별자치도 전주시 완산구 경원동1가 40-5,전북특별자치도 전주시 완산구 풍남동,3745,26298,39,0.13
근린생활시설,전북특별자치도 정읍시 수성동 524-17,전북특별자치도 정읍시 수성동,16490,42642,16,0.03
근린생활시설,전북특별자치도 전주시 덕진구 송천동2가 527,전북특별자치도 전주시 덕진구 송천1동,63864,29756,2,0.01
근린생활시설,전북특별자치도 전주시 완산구 효자동1가 411-24,전북특별자치도 전주시 완산구 효자3동,14006,35443,,0.02
근린생활시설,전북특별자치도 군산시 중앙로1가 12-2,전북특별자치도 군산시 월명동,4490,16140,24,0.06
근린생활시설,제주특별자치도 제주시 건입동 940-15,제주특별자치도 제주시 건입동,9010,33186,31,0.02
근린생활시설,제주특별자치도 제주시 이도이동 1991-9,제주특별자치도 제주시 이도2동,48436,35338,32,0.03
근린생활시설,제주특별자치도 제주시 연동 2325-7,제주특별자치도 제주시 연동,43976,54135,144,0.03
근린생활시설,제주특별자치도 제주시 조천읍 함덕리 270-1,제주특별자치도 제주시 조천읍,24995,19080,67,0.03
근린생활시설,제주특별자치도 제주시 조천읍 신촌리 1615-2,제주특별자치도 제주시 조천읍,24995,29904,67,0.03
근린생활시설,충남 천안시 동남구 구룡동 564-27,충청남도 천안시 동남구 청룡동,58598,27379,20,0.02
근린생활시설,충남 천안시 서북구 성정동 695-1,충청남도 천안시 서북구 성정1동,18124,54979,33,0.02
근린생활시설,충남 천안시 동남구 원성동 442-1,충청남도 천안시 동남구 원성1동,8377,163427,2,0.03
근린생활시설,충남 천안시 서북구 쌍용동 997,충청남도 천안시 서북구 쌍용1동,13139,54979,18,0.03
근린생활시설,충남 서산시 예천동 696-7,충청남도 서산시 석남동,34694,15400,2,0.02
근린생활시설,충북 청주시 상당구 용암동 764,충청북도 청주시 상당구 용암1동,56962,22985,22,0.02
근린생활시설,충북 청주시 서원구 현도면 선동리 284-7,충청북도 청주시 서원구 현도면,3427,18183,2,0.05
근린생활시설,충북 청주시 흥덕구 봉명동 1405,충청북도 청주시 흥덕구 봉명2·송정동,24433,33926,11,0.03
근린생활시설,충북 제천시 중앙로2가 68-3,충청북도 제천시 중앙동,5353,14090,1031,0.1
근린생활시설,충북 청주시 서원구 죽림동 143-1,충청북도 청주시 서원구 성화·개신·죽림동,47463,38488,,0.01
공동주택,강원특별자치도 강릉시 교동 140-16,강원특별자치도 강릉시 교2동,7268,36978,71,0.03
공동주택,강원특별자치도 춘천시 퇴계동 369-9,강원특별자치도 춘천시 퇴계동,46293,9664,27,0.02
공동주택,강원특별자치도 양양군 서면 논화리 165,강원특별자치도 양양군 서면,2477,2120,176,0.04
공동주택,강원특별자치도 홍천군 홍천읍 연봉리 457-1,강원특별자치도 홍천군 홍천읍,32605,21962,41,0.03
공동주택,강원특별자치도 강릉시 교동 972-2,강원특별자치도 강릉시 교1동,25038,36978,17,0.02
공동주택,경기 부천시 오정구 오정동 546-6,경기도 부천시 오정구 오정동,19518,187993,3,0.02
공동주택,경기 용인시 기흥구 신갈동 57-27,경기도 용인시 기흥구 신갈동,37250,239871,17,0.01
공동주택,경기 수원시 영통구 원천동 605,경기도 수원시 영통구 원천동,49289,81412,,0.02
공동주택,경기 부천시 소사구 심곡본동 629-29,경기도 부천시 소사구 심곡본1동,18484,163046,7,0.02
공동주택,경기 양주시 덕계동 588-14,경기도 양주시 회천2동,34223,76500,6,0.01
공동주택,경남 진주시 충무공동 78-2,경상남도 진주시 충무공동,32946,69709,9,0.02
공동주택,경남 창원시 진해구 용원동 1347-1,경상남도 창원시 진해구 웅동2동,45382,31070,29,0.02
공동주택,경남 창원시 진해구 용원동 1347,경상남도 창원시 진해구 웅동2동,45382,31070,29,0.02
공동주택,경남 통영시 도남동 510-2,경상남도 통영시 봉평동,9363,9785,14,0.02
공동주택,경남 진주시 칠암동 507-10,경상남도 진주시 천전동,28921,77777,26,0.02
공동주택,경북 김천시 율곡동 798,경상북도 김천시 율곡동,22628,17661,5,0.02
공동주택,경북 경산시 사정동 3-16,경상북도 경산시 서부1동,33419,20197,8,0.02
공동주택,경북 경주시 황오동 43,경상북도 경주시 황오동,5937,25475,155,0.06
공동주택,경북 경주시 황성동 1067-10,경상북도 경주시 황성동,26785,25475,2,0.02
공동주택,경북 포항시 남구 연일읍 생지리 188,경상북도 포항시 남구 연일읍,28659,37969,1,0.02
공동주택,광주 북구 중흥동 599-28,광주광역시 북구 중흥동,15147,97671,2,0.02
공동주택,광주 남구 방림동 447-15,광주광역시 남구 방림1동,6678,97671,3,0.01
공동주택,광주 광산구 수완동 189,광주광역시 광산구 비아동,7778,63810,,0.08
공동주택,광주 광산구 쌍암동 694-106,광주광역시 광산구 첨단2동,43941,63810,14,0.02
공동주택,광주 서구 화정동 70-60,광주광역시 서구 화정1동,15641,134317,13,0.02
공동주택,대구 수성구 만촌동 386-7,대구광역시 수성구 만촌1동,20922,27690,3,0.02
공동주택,대구 중구 남산동 934-7,대구광역시 중구 남산2동,7099,135921,2,0.03
공동주택,대구 서구 비산동 227-1,대구광역시 서구 비산4동,8910,156089,3,0.02
공동주택,대구 달성군 가창면 우록리 10,대구광역시 달성군 가창면,7288,12940,8,0.02
공동주택,대구 수성구 범어동 45-5,대구광역시 수성구 범어2동,14227,27690,,0.03
공동주택,대전 동구 낭월동 190-1,대전광역시 동구 산내동,19742,46935,5,0.02
공동주택,대전 서구 만년동 306,대전광역시 서구 만년동,12178,71595,,0.03
공동주택,대전 서구 둔산동 939,대전광역시 서구 둔산2동,33962,71595,21,0.03
공동주택,대전 서구 변동 252-77,대전광역시 서구 변동,14062,44361,1,0.03
공동주택,대전 서구 둔산동 928,대전광역시 서구 둔산2동,33962,83786,21,0.03
공동주택,부산 북구 구포동 1216-4,부산광역시 북구 구포3동,19679,74754,,0.01
공동주택,부산 해운대구 우동 760-3,부산광역시 해운대구 우1동,21937,48622,94,0.03
공동주택,부산 부산진구 부전동 474-80,부산광역시 부산진구 부전1동,15192,74754,68,0.08
공동주택,부산 남구 대연동 760-8,부산광역시 남구 대연4동,12743,48622,1,0.01
공동주택,부산 수영구 민락동 181-88,부산광역시 수영구 민락동,27041,48622,129,0.02
공동주택,서울 동작구 상도동 302-44,서울특별시 동작구 상도3동,23835,113301,1,0.01
공동주택,서울 중랑구 상봉동 100,서울특별시 중랑구 상봉1동,22784,67898,,0.02
공동주택,서울 강남구 역삼동 719-24,서울특별시 강남구 역삼2동,34689,203917,23,0.03
공동주택,서울 마포구 서교동 494,서울특별시 마포구 서교동,25611,196415,24,0.1
공동주택,서울 양천구 목동 917-9,서울특별시 양천구 목1동,28848,190133,1,0.03
공동주택,울산 중구 동동 471-1,울산광역시 중구 병영2동,19514,30691,,0.01
공동주택,울산 남구 삼산동 1612-2,울산광역시 남구 삼산동,47809,23213,104,0.05
공동주택,울산 중구 동동 471-9,울산광역시 중구 병영2동,19514,30691,,0.01
공동주택,울산 중구 성안동 393-2,울산광역시 중구 성안동,20264,6121,37,0.02
공동주택,울산 중구 남외동 325-7,울산광역시 중구 병영1동,20501,6121,4,0.02
공동주택,인천 미추홀구 주안동 422-45,인천광역시 미추홀구 주안4동,17551,110764,3,0.02
공동주택,인천 연수구 송도동 30-6,인천광역시 연수구 송도4동,29428,60971,3,0.02
공동주택,인천 미추홀구 주안동 57-18,인천광역시 미추홀구 주안6동,21792,110764,27,0.02
공동주택,인천 서구 왕길동 661-15,인천광역시 서구 오류왕길동,26690,75388,8,0.04
공동주택,인천 계양구 계산동 1062,인천광역시 계양구 계산4동,22408,163653,5,0.04
공동주택,전남 장성군 장성읍 영천리 973-18,전라남도 장성군 장성읍,12715,31694,14,0.03
공동주택,전남 무안군 삼향읍 남악리 1476,전라남도 무안군 삼향읍,38936,29336,6,0.02
공동주택,전남 장성군 북이면 사거리 685-9,전라남도 장성군 북이면,2561,7204,3,0.03
공동주택,전남 강진군 성전면 월평리 430-18,전라남도 강진군 성전면,2578,12338,2,0.04
공동주택,전남 나주시 빛가람동 334,전라남도 나주시 빛가람동,38238,57752,13,0.02
공동주택,전북특별자치도 부안군 부안읍 봉덕리 570-21,전북특별자치도 부안군 부안읍,19891,5644,29,0.03
공동주택,전북특별자치도 남원시 동충동 412-1,전북특별자치도 남원시 동충동,2983,6707,11,0.03
공동주택,전북특별자치도 전주시 덕진구 덕진동1가 1279-15,전북특별자치도 전주시 덕진구 덕진동,25042,29756,27,0.02
공동주택,전북특별자치도 전주시 완산구 효자동3가 1544-3,전북특별자치도 전주시 완산구 효자5동,36380,35443,16,0.03
공동주택,전북특별자치도 익산시 신동 735-21,전북특별자치도 익산시 신동,23893,4615,,0.02
공동주택,제주특별자치도 제주시 연동 261-23,제주특별자치도 제주시 연동,43976,54135,144,0.03
공동주택,제주특별자치도 제주시 한림읍 한림리 1526-7,제주특별자치도 제주시 한림읍,22389,7066,66,0.04
공동주택,제주특별자치도 제주시 애월읍 광령리 43,제주특별자치도 제주시 애월읍,37245,11151,197,0.03
공동주택,제주특별자치도 제주시 연동 263-2,제주특별자치도 제주시 연동,43976,54135,144,0.03
공동주택,제주특별자치도 제주시 연동 565,제주특별자치도 제주시 연동,43976,54135,144,0.03
공동주택,충남 천안시 서북구 성거읍 천흥리 494-9,충청남도 천안시 서북구 성거읍,21806,25639,7,0.02
공동주택,충남 천안시 서북구 불당동 1483,충청남도 천안시 서북구 불당2동,36091,54979,2,0.02
공동주택,충남 아산시 탕정면 용두리 730,충청남도 아산시 탕정면,47364,26464,1,0.01
공동주택,충남 당진시 신평면 도성리 209-2,충청남도 당진시 신평면,15418,20385,14,0.03
공동주택,충남 아산시 배방읍 장재리 1352-17,충청남도 아산시 배방읍,86956,71113,10,0.01
공동주택,충북 음성군 생극면 신양리 623-1,충청북도 음성군 생극면,5337,3544,3,0.03
공동주택,충북 충주시 대소원면 검단리 350-121,충청북도 충주시 대소원면,12817,34801,10,0.02
공동주택,충북 청주시 흥덕구 오송읍 쌍청리 108-37,충청북도 청주시 흥덕구 오송읍,31129,42283,7,0.02
공동주택,충북 음성군 맹동면 두성리 1463,충청북도 음성군 맹동면,13860,1999,8,0.03
공동주택,충북 청주시 흥덕구 오송읍 만수리 863,충청북도 청주시 흥덕구 오송읍,31129,25087,7,0.02
자동차관련시설,강원특별자치도 원주시 판부면 서곡리 517,강원특별자치도 원주시 판부면,7096,17545,8,0.05
자동차관련시설,강원특별자치도 원주시 호저면 만종리 324-4,강원특별자치도 원주시 호저면,3346,47596,4,0.06
자동차관련시설,강원특별자치도 원주시 무실동 643-7,강원특별자치도 원주시 무실동,34464,47596,9,0.02
자동차관련시설,강원특별자치도 춘천시 동면 장학리 786-80,강원특별자치도 춘천시 동면,19631,18836,25,0.03
자동차관련시설,강원특별자치도 원주시 행구동 1775-3,강원특별자치도 원주시 행구동,8605,19092,11,0.02
자동차관련시설,경기 화성시 장지동 812,경기도 화성시 동탄8동,32862,41037,,0.01
자동차관련시설,경기 화성시 오산동 458-1,경기도 화성시 동탄6동,42448,186262,3,0.02
자동차관련시설,경기 화성시 기산동 23-1,경기도 화성시 진안동,51009,30954,4,0.02
자동차관련시설,경기 수원시 영통구 매탄동 405-1,경기도 수원시 영통구 매탄3동,34738,30954,,0.02
자동차관련시설,경기 수원시 영통구 신동 532-3,경기도 수원시 영통구 영통2동,25353,30954,,0.03
자동차관련시설,경남 창원시 성산구 대원동 78,경상남도 창원시 성산구 중앙동,36021,51252,1031,0.04
자동차관련시설,경남 양산시 어곡동 440,경상남도 양산시 강서동,9471,15053,,0.04
자동차관련시설,경남 진주시 상대동 33-121,경상남도 진주시 상대동,19071,69709,53,0.04
자동차관련시설,경남 진주시 상평동 167-2,경상남도 진주시 상평동,11658,77777,32,0.05
자동차관련시설,경남 김해시 주촌면 내삼리 744-8,경상남도 김해시 주촌면,21119,63828,2,0.04
자동차관련시설,경북 포항시 북구 흥해읍 남송리 647,경상북도 포항시 북구 흥해읍,43013,47564,17,0.02
자동차관련시설,경북 포항시 남구 오천읍 문덕리 880-5,경상북도 포항시 남구 오천읍,56958,10758,35,0.02
자동차관련시설,경북 포항시 남구 연일읍 오천리 163-1,경상북도 포항시 남구 연일읍,28659,37969,1,0.02
자동차관련시설,경북 안동시 풍산읍 괴정리 42-1,경상북도 안동시 풍산읍,6089,25493,10,0.05
자동차관련시설,경북 경산시 진량읍 문천리 519-17,경상북도 경산시 진량읍,44028,43736,4,0.02
자동차관련시설,광주 남구 송하동 260-1,광주광역시 남구 송암동,22328,39702,,0.02
자동차관련시설,광주 광산구 송촌동 66,광주광역시 광산구 평동,7242,47995,2,0.07
자동차관련시설,광주 광산구 도천동 380-15,광주광역시 광산구 비아동,7778,46489,,0.08
자동차관련시설,광주 서구 화정동 180-1,광주광역시 서구 화정1동,15641,134317,13,0.02
자동차관련시설,광주 서구 세하동 171-34,광주광역시 서구 서창동,6034,39702,10,0.22
자동차관련시설,대구 북구 노원동3가 609,대구광역시 북구 노원동,10688,156089,10,0.14
자동차관련시설,대구 동구 용계동 1033,대구광역시 동구 안심2동,13270,86465,13,0.02
자동차관련시설,대구 달서구 장동 829,대구광역시 달서구 장기동,16567,66579,8,0.03
자동차관련시설,대구 서구 중리동 1165-10,대구광역시 서구 상중이동,19219,66579,3,0.06
자동차관련시설,대구 수성구 신매동 83-1,대구광역시 수성구 고산1동,30589,63177,,0.01
자동차관련시설,대전 동구 대성동 276-14,대전광역시 동구 산내동,19742,51477,5,0.02
자동차관련시설,대전 서구 탄방동 1483-8,대전광역시 서구 탄방동,26546,98950,3,0.03
자동차관련시설,대전 대덕구 상서동 292,대전광역시 대덕구 덕암동,13275,121120,5,0.03
자동차관련시설,대전 중구 산성동 142-1,대전광역시 중구 산성동,25634,44361,8,0.03
자동차관련시설,대전 서구 탄방동 518-2,대전광역시 서구 탄방동,26546,75255,3,0.03
자동차관련시설,부산 부산진구 가야동 256-9,부산광역시 부산진구 가야1동,20267,74557,,0.01
자동차관련시설,부산 연제구 거제동 23-6,부산광역시 연제구 거제1동,27662,70579,,0.02
자동차관련시설,부산 연제구 거제동 1470-2,부산광역시 연제구 거제1동,27662,70579,,0.02
자동차관련시설,부산 강서구 화전동 589-2,부산광역시 강서구 녹산동,39671,98977,6,0.05
자동차관련시설,부산 해운대구 재송동 561-2,부산광역시 해운대구 재송1동,35710,48622,23,0.03
자동차관련시설,서울 영등포구 양평동6가 1,서울특별시 영등포구 양평2동,22117,196415,9,0.03
자동차관련시설,서울 동작구 노량진동 20,서울특별시 동작구 노량진2동,11068,113301,3,0.03
자동차관련시설,서울 도봉구 방학동 708-2,서울특별시 도봉구 방학1동,27134,171081,3,0.02
자동차관련시설,서울 강서구 외발산동 233,서울특별시 강서구 발산1동,34799,190133,5,0.04
자동차관련시설,서울 마포구 성산동 590-3,서울특별시 마포구 성산2동,37637,196415,,0.02
자동차관련시설,울산 울주군 삼남읍 상천리 419-20,울산광역시 울주군 삼남읍,22317,15587,13,0.02
자동차관련시설,울산 북구 신천동 544-6,울산광역시 북구 농소2동,42437,27722,1,0.01
자동차관련시설,울산 북구 진장동 197,울산광역시 북구 효문동,29237,30691,9,0.04
자동차관련시설,울산 북구 효문동 815-7,울산광역시 북구 효문동,29237,30691,9,0.04
자동차관련시설,울산 북구 신천동 797,울산광역시 북구 농소2동,42437,27722,1,0.01
자동차관련시설,인천 미추홀구 도화동 378-15,인천광역시 미추홀구 도화1동,21608,110764,12,0.02
자동차관련시설,인천 남동구 고잔동 257-48,인천광역시 남동구 논현고잔동,44096,161915,,0.04
자동차관련시설,인천 서구 왕길동 420-2,인천광역시 서구 오류왕길동,26690,78767,8,0.04
자동차관련시설,인천 남동구 고잔동 306-2,인천광역시 남동구 논현고잔동,44096,161915,,0.04
자동차관련시설,인천 중구 신흥동3가 60-24,인천광역시 중구 신흥동,14505,60971,64,0.03
자동차관련시설,전남 나주시 금천면 원곡리 257,전라남도 나주시 금천면,6608,57752,6,0.01
자동차관련시설,전남 목포시 옥암동 1381-2,전라남도 목포시 부주동,22116,9845,2,0.01
자동차관련시설,전남 순천시 조례동 7,전라남도 순천시 왕조1동,37680,16890,13,0.02
자동차관련시설,전남 나주시 산포면 등정리 191,전라남도 나주시 산포면,2762,37168,,0.04
자동차관련시설,전남 목포시 옥암동 914-9,전라남도 목포시 옥암동,10816,9845,1,0.03
자동차관련시설,전북특별자치도 군산시 미룡동 587,전북특별자치도 군산시 나운3동,33686,10928,31,0.01
자동차관련시설,전북특별자치도 정읍시 공평동 328,전북특별자치도 정읍시 농소동,3714,42642,1,0.05
자동차관련시설,전북특별자치도 익산시 용제동 52,전북특별자치도 익산시 팔봉동,6802,36642,,0.05
자동차관련시설,전북특별자치도 군산시 개정면 아동리 699-7,전북특별자치도 군산시 개정면,2609,28839,,0.04
자동차관련시설,전북특별자치도 전주시 덕진구 만성동 362,전북특별자치도 전주시 덕진구 여의동,16206,46071,10,0.03
자동차관련시설,제주특별자치도 제주시 화북일동 2133-1,제주특별자치도 제주시 화북동,23355,33186,1,0.02
자동차관련시설,제주특별자치도 제주시 오라삼동 2811-4,제주특별자치도 제주시 오라동,15735,14084,17,0.03
자동차관련시설,제주특별자치도 제주시 화북일동 2131-3,제주특별자치도 제주시 화북동,23355,33186,1,0.02
자동차관련시설,제주특별자치도 제주시 아라이동 1622-3,제주특별자치도 제주시 아라동,42535,14084,10,0.02
자동차관련시설,제주특별자치도 제주시 애월읍 고성리 155,제주특별자치도 제주시 애월읍,37245,51187,197,0.03
자동차관련시설,충남 공주시 신관동 160-6,충청남도 공주시 신관동,23096,16008,36,0.03
자동차관련시설,충남 천안시 동남구 용곡동 133-1,충청남도 천안시 동남구 신방동,43783,27379,1,0.02
자동차관련시설,충남 천안시 서북구 쌍용동 878,충청남도 천안시 서북구 쌍용1동,13139,54979,18,0.03
자동차관련시설,충남 아산시 탕정면 동산리 128,충청남도 아산시 탕정면,47364,54979,1,0.01
자동차관련시설,충남 아산시 실옥동 92,충청남도 아산시 온양4동,19312,29758,2,0.01
자동차관련시설,충북 청주시 흥덕구 강서동 172-1,충청북도 청주시 흥덕구 강서1동,30676,38488,9,0.02
자동차관련시설,충북 충주시 금릉동 214-20,충청북도 충주시 칠금·금릉동,13824,2838,1,0.05
자동차관련시설,충북 청주시 청원구 오동동 6-1,충청북도 청주시 청원구 오근장동,17362,20081,2,0.04
자동차관련시설,충북 청주시 흥덕구 비하동 321-2,충청북도 청주시 흥덕구 강서1동,30676,70487,9,0.02
자동차관련시설,충북 청주시 흥덕구 봉명동 365-1,충청북도 청주시 흥덕구 봉명2·송정동,24433,33926,11,0.03
판매시설,서울특별시 서초구 방배동 937-1,서울특별시 서초구 방배1동,15568,,1,0.04
판매시설,서울특별시 성동구 성수동2가 322-13,서울특별시 성동구 성수2가1동,14856,,7,0.04
판매시설,서울특별시 광진구 자양동 6-20,서울특별시 광진구 자양4동,24515,,4,0.02
판매시설,서울특별시 영등포구 양평동4가 3-4,서울특별시 영등포구 양평2동,22117,,9,0.03
판매시설,서울특별시 강남구 신사동 534-18,서울특별시 강남구 신사동,14143,,9,0.08
판매시설,경기도 부천시 소사구 범박동 16-12,경기도 부천시 소사구 범박동,27400,,,0.01
판매시설,경기도 의정부시 용현동 277-5,경기도 의정부시 송산1동 ,56309,,1,0.01
판매시설,경기도 고양시 일산서구 구산동 1477-3,경기도 고양시 일산서구 가좌동 ,18136,,,0.03
판매시설,경기도 용인시 처인구 포곡읍 마성리 12-3,경기도 용인시 처인구 포곡읍,32744,,12,0.02
판매시설,경기도 파주시 탄현면 축현리 35-16,경기도 파주시 탄현면,14484,,48,0.06
판매시설,인천광역시 중구 신흥동1가 34-87,인천광역시 중구 신흥동 ,14505,,64,0.03
판매시설,인천 부평구 부개동 260-4,인천광역시 부평구 부개1동,15965,,2,0.02
판매시설,인천광역시 서구 원창동 497,인천광역시 서구 신현원창동,29945,,1,0.03
판매시설,인천광역시 서구 가좌동 564-73,인천광역시 서구 가좌1동,16935,,7,0.06
판매시설,인천 남동구 고잔동 731,인천광역시 남동구 논현고잔동 ,44096,,,0.04
판매시설,강원특별자치도 영월군 영월읍 하송리 171-3,강원특별자치도 영월군 영월읍,19506,,20,0.03
판매시설,강원특별자치도 양양군 양양읍 서문리 334,강원특별자치도 양양군 양양읍,11996,,32,0.04
판매시설,강원특별자치도 강릉시 사천면 판교리 678-2,강원특별자치도 강릉시 사천면,4680,,24,0.04
판매시설,강원특별자치도 동해시 단봉동 269-1,강원특별자치도 동해시 북평동 ,13192,,17,0.02
판매시설,강원특별자치도 춘천시 온의동 285-4,강원특별자치도 춘천시 강남동,25152,,35,0.03
판매시설,충청북도 제천시 청전동 5-1 ,충청북도 제천시 청전동,15563,,1,0.03
판매시설,충청북도 청주시 흥덕구 봉명동 530,충청북도 청주시 흥덕구 봉명2·송정동,24433,,11,0.03
판매시설,충청북도 청주시 청원구 북이면 옥수리 6-1,충청북도 청주시 청원구 북이면,4667,,3,0.06
판매시설,충청북도 충주시 봉방동 84-7,충청북도 충주시 봉방동,9028,,40,0.03
판매시설,충청북도 청주시 서원구 현도면 우록리 746,충청북도 청주시 서원구 현도면,3427,,2,0.05
판매시설,충청남도 천안시 서북구 신당동 488-7,충청남도 천안시 서북구 부성1동,51022,,7,0.02
판매시설,충청남도 천안시 서북구 두정동 801-1,충청남도 천안시 서북구 부성2동,62000,,,0.02
판매시설,충청남도 아산시 도고면 금산리 33-17,충청남도 아산시 도고면,4428,,18,0.03
판매시설,충청남도 당진시 시곡동 140-2,충청남도 당진시 당진3동,16496,,1,0.02
판매시설,충청남도 공주시 신관동 265-4,충청남도 공주시 신관동,23096,,36,0.03
판매시설,대전광역시 대덕구 비래동 140-6,대전광역시 대덕구 비래동,15278,,2,0.02
판매시설,대전광역시 서구 도마동 35-7,대전광역시 서구 도마1동,20406,,4,0.02
판매시설,대전광역시 중구 오류동 175-13,대전광역시 중구 오류동,10030,,8,0.03
판매시설,대전광역시 서구 정림동 396,대전광역시 서구 정림동,15147,,,0.02
판매시설,대전광역시 유성구 장대동 211-42,대전광역시 유성구 온천2동,54074,,5,0.02
판매시설,경상북도 영천시 완산동 917-3,경상북도 영천시 완산동,9662,,19,0.03
판매시설,경상북도 구미시 공단동 263,경상북도 구미시 공단동,4752,,8,0.11
판매시설,경상북도 포항시 북구 흥해읍 성곡리 991,경상북도 포항시 북구 흥해읍,43013,,17,0.02
판매시설,경상북도 포항시 북구 죽도동 677-9,경상북도 포항시 북구 죽도동,19406,,43,0.05
판매시설,경상북도 경주시 용강동 1347-4,경상북도 경주시 용강동,25201,,2,0.01
판매시설,경상남도 함안군 가야읍 도항리 81-2,경상남도 함안군 가야읍,17165,,14,0.03
판매시설,경상남도 김해시 진영읍 여래리 473-2,경상남도 김해시 진영읍,58975,,23,0.02
판매시설,경상남도 진주시 칠암동 302-2,경상남도 진주시 천전동,28921,,26,0.02
판매시설,경상남도 김해시 삼계동 1244-1,경상남도 김해시 북부동,82345,,22,0.01
판매시설,경상남도 김해시 한림면 신천리 260-31,경상남도 김해시 한림면,9229,,7,0.09
판매시설,대구광역시 서구 평리동 1527-18,대구광역시 서구 평리5동,3530,,1,0.03
판매시설,대구광역시 달서구 두류동 100-1,대구광역시 달서구 두류1·2동,15023,,7,0.02
판매시설,대구광역시 북구 칠성동2가 346-9,대구광역시 북구 칠성동,22063,,9,0.03
판매시설,대구광역시 달서구 송현동 141-2,대구광역시 달서구 송현2동,16644,,2,0.02
판매시설,대구광역시 수성구 두산동 173-3,대구광역시 수성구 두산동,14230,,16,0.03
판매시설,울산광역시 북구 명촌16길 9,울산광역시 북구 효문동,29237,,9,0.04
판매시설,울산광역시 울주군 청량읍 상남리 574-5,울산광역시 울주군 청량읍,18102,,2,0.03
판매시설,울산광역시 남구 삼산동 1623-5,울산광역시 남구 삼산동,47809,,104,0.05
판매시설,울산광역시 남구 삼산동 224-13,울산광역시 남구 삼산동,47809,,104,0.05
판매시설,울산광역시 중구 태화동 942-13,울산광역시 중구 다운동,21362,,,0.02
판매시설,부산광역시 해운대구 송정동 117-5,부산광역시 해운대구 송정동,9104,,151,0.03
판매시설,부산광역시 강서구 명지동 3598-5,부산광역시 강서구 명지1동,53576,,16,0.02
판매시설,부산광역시 해운대구 반송동 296-3,부산광역시 해운대구 반송2동,21072,,4,0.01
판매시설,부산광역시 동구 좌천동 242-1,부산광역시 동구 좌천동,11237,,1,0.01
판매시설,부산광역시 수영구 망미동 205-4,부산광역시 수영구 망미2동,9836,,,0.02
판매시설,전북특별자치도 전주시 덕진구 전미동2가 69-9,전북특별자치도 전주시 덕진구 송천2동,24615,,,0.02
판매시설,전북특별자치도 김제시 용지면 부교리 581-6,전북특별자치도 김제시 용지면,3341,,,0.06
판매시설,전북특별자치도 익산시 왕궁면 도순리 100-61,전북특별자치도 익산시 왕궁면,4362,,2,0.04
판매시설,전북특별자치도 김제시 백구면 영상리 331-8,전북특별자치도 김제시 백구면,3696,,,0.03
판매시설,전북특별자치도 전주시 덕진구 금암동 766-1,전북특별자치도 전주시 덕진구 금암1동,11660,,62,0.03
판매시설,전라남도 담양군 담양읍 담빛리 689,전라남도 담양군 담양읍 ,14787,,57,0.04
판매시설,전라남도 순천시 해룡면 상삼리 426,전라남도 순천시 해룡면,54264,,10,0.02
판매시설,전라남도 목포시 산정동 1725,전라남도 목포시 원산동,12144,,,0.02
판매시설,전라남도 무안군 무안읍 성남리 813-35,전라남도 무안군 무안읍,12109,,10,0.03
판매시설,전라남도 여수시 여서동 916,전라남도 여수시 여서동,16313,,8,0.02
판매시설,광주광역시 서구 화정동 1282,광주광역시 서구 화정2동 ,19597,,6,0.01
판매시설,광주광역시 광산구 운남동 521-3,광주광역시 광산구 운남동 ,30070,,,0.01
판매시설,광주광역시 동구 계림동 522-2,광주광역시 동구 계림2동,13315,,,0.01
판매시설,광주광역시 광산구 신창동 1074-3,광주광역시 광산구 신창동,34526,,,0.02
판매시설,광주광역시 서구 동천동 79,광주광역시 서구 동천동 ,15219,,26,0.02
판매시설,제주특별자치도 제주시 오라이동 1214-3,제주특별자치도 제주시 오라동 ,15735,,17,0.03
판매시설,제주특별자치도 서귀포시 동홍동 498-3,제주특별자치도 서귀포시 동홍동,22890,,2,0.02
판매시설,제주특별자치도 제주시 화북이동 952,제주특별자치도 제주시 화북동 ,23355,,1,0.02
판매시설,제주특별자치도 제주시 연동 310-44,제주특별자치도 제주시 연동,43976,,144,0.03
판매시설,제주특별자치도 제주시 오라일동 1044-1,제주특별자치도 제주시 오라동,15735,,17,0.03
공장,서울특별시 강남구 세곡동 19-1,서울특별시 강남구 세곡동 ,44025,,,0.01
공장,서울특별시 금천구 시흥동 962-6,서울특별시 금천구 시흥3동 ,10303,,,0.07
공장,서울특별시 영등포구 문래동1가 54-4,서울특별시 영등포구 문래동,31446,,4,0.05
공장,서울특별시 성동구 성수동2가 275-97,서울특별시 성동구 성수2가3동 ,10141,,3,0.16
공장,서울특별시 성동구 성수동1가 72-83,서울특별시 성동구 성수1가1동,15084,,3,0.04
공장,경기도 김포시 고촌읍 전호리 599-13,경기도 김포시 고촌읍,46560,,5,0.02
공장,경기도 안산시 단원구 성곡동 637-9,경기도 안산시 단원구 초지동 ,52046,,21,0.05
공장,경기도 이천시 마장면 장암리 587-9,경기도 이천시 마장면 ,16943,,13,0.03
공장,경기도 남양주시 화도읍 차산리 308,경기도 남양주시 화도읍,112105,,4,0.02
공장,경기 안산시 단원구 성곡동 629,경기도 안산시 단원구 초지동 ,52046,,21,0.05
공장,인천광역시 서구 경서동 684-2,인천광역시 서구 검암경서동 ,53521,,2,0.02
공장,인천광역시 서구 당하동 957-16,인천광역시 서구 당하동,27835,,,0.01
공장,인천광역시 남동구 고잔동 741-4,인천광역시 남동구 논현고잔동,44096,,,0.04
공장,인천광역시 남동구 남촌동 630,인천광역시 남동구 남촌도림동,21029,,,0.03
공장,인천광역시 남동구 고잔동 691-11,인천광역시 남동구 논현고잔동 ,44096,,,0.04
공장,강원특별자치도 속초시 대포동 947-2,강원특별자치도 속초시 대포동 ,2995,,63,0.07
공장,강원특별자치도 원주시 소초면 흥양리 1753,강원특별자치도 원주시 소초면,7989,,12,0.04
공장,강원특별자치도 원주시 부론면 법천리 1473-11,강원특별자치도 원주시 부론면 ,2152,,1,0.03
공장,강원특별자치도 동해시 구호동 243-30,강원특별자치도 동해시 북평동 ,13192,,17,0.02
공장,강원특별자치도 춘천시 동내면 고은리 351-50,강원특별자치도 춘천시 동내면,16439,,,0.03
공장,충청북도 청주시 서원구 남이면 가마리 256,충청북도 청주시 서원구 남이면 ,9737,,13,0.05
공장,충청북도 청주시 흥덕구 송정동 산74,충청북도 청주시 흥덕구 봉명2·송정동 ,24433,,11,0.03
공장,충청북도 옥천군 옥천읍 구일리 833,충청북도 옥천군 옥천읍 ,27972,,22,0.03
공장,충청북도 충주시 목행동 22-4,충청북도 충주시 목행·용탄동,6876,,3,0.03
공장,충청북도 진천군 진천읍 신정리 517-7,충청북도 진천군 진천읍,32486,,25,0.02
공장,충청남도 아산시 득산동 312-14,충청남도 아산시 온양4동,19312,,2,0.01
공장,충청남도 당진시 송악읍 광명리 236-1,충청남도 당진시 송악읍 ,31514,,33,0.02
공장,충청남도 금산군 복수면 용진리 251-1,충청남도 금산군 복수면,3029,,11,0.06
공장,충청남도 홍성군 홍성읍 옥암리 504-2,충청남도 홍성군 홍성읍 ,37640,,30,0.03
공장,충청남도 천안시 동남구 대흥로 160,충청남도 천안시 동남구 중앙동,5448,,,0.09
공장,대전광역시 대덕구 와동 353-1,대전광역시 대덕구 회덕동,11296,,2,0.03
공장,대전광역시 동구 낭월동 356,대전광역시 동구 산내동 ,19742,,5,0.02
공장,대전광역시 대덕구 대화동 1-7,대전광역시 대덕구 대화동,6733,,14,0.09
공장,대전광역시 대덕구 대화동 1-23,대전광역시 대덕구 대화동,6733,,14,0.09
공장,대전광역시 동구 대동 288-19,대전광역시 동구 대동,13852,,,0.02
공장,경상북도 경주시 현곡면 하구리 69,경상북도 경주시 현곡면 ,20913,,,0.01
공장,경상북도 칠곡군 왜관읍 삼청리 1105,경상북도 칠곡군 왜관읍 ,32613,,18,0.03
공장,경상북도 경산시 압량읍 내리 406,경상북도 경산시 압량읍 ,21141,,6,0.02
공장,경상북도 김천시 응명동 1012-5,경상북도 김천시 대신동,26548,,14,0.02
공장,경상북도 영주시 장수면 반구리 259-3,경상북도 영주시 장수면 ,1989,,,0.04
공장,경상남도 진주시 대곡면 와룡리 139,경상남도 진주시 대곡면,3131,,3,0.02
공장,경상남도 김해시 한림면 병동리 644-1,경상남도 김해시 한림면 ,9229,,7,0.09
공장,경상남도 김해시 안동 260-12,경상남도 김해시 삼안동 ,34297,,11,0.02
공장,경상남도 양산시 주진동 114-5,경상남도 김해시 삼안동 ,34297,,11,0.02
공장,경상남도 양산시 소주동 3-11,경상남도 양산시 소주동 ,20641,,,0.02
공장,대구광역시 동구 용계동 362-1,대구광역시 동구 안심2동,13270,,13,0.02
공장,대구광역시 달성군 화원읍 성산리 6,대구광역시 달성군 화원읍 ,46320,,2,0.02
공장,대구광역시 서구 이현동 42-320,대구광역시 서구 상중이동 ,19219,,3,0.06
공장,대구광역시 북구 침산동 907-2,대구광역시 북구 침산1동,3826,,,0.09
공장,대구광역시 달성군 논공읍 북리 213-12,대구광역시 달성군 논공읍 ,20525,,3,0.03
공장,울산광역시 울주군 청량읍 상남리 448-13,울산광역시 울주군 청량읍,18102,,2,0.03
공장,울산광역시 북구 호계동 276-6,울산광역시 북구 농소1동 ,35741,,5,0.02
공장,울산광역시 북구 신천동 78-4,울산광역시 북구 농소1동 ,35741,,5,0.02
공장,울산광역시 북구 진장동 493,울산광역시 북구 효문동,29237,,9,0.04
공장,울산광역시 남구 여천동 887-18,울산광역시 남구 야음장생포동,8939,,5,0.05
공장,부산광역시 사상구 학장동 227-11,부산광역시 사상구 학장동 ,27069,,5,0.03
공장,부산광역시 강서구 화전동 596-6,부산광역시 강서구 녹산동 ,39671,,6,0.05
공장,부산광역시 사하구 구평동 435-20,부산광역시 사하구 구평동 ,12579,,1,0.03
공장,부산광역시 영도구 남항동3가 141-125,부산광역시 영도구 남항동,10571,,47,0.06
공장,부산광역시 사상구 괘법동 577-20,부산광역시 사상구 괘법동,25816,,99,0.05
공장,전북특별자치도 군산시 해망동 1003-70,전북특별자치도 군산시 해신동 ,2134,,2,0.04
공장,전북특별자치도 군산시 금암동 1,전북특별자치도 군산시 중앙동 ,3990,,,0.05
공장,전북특별자치도 정읍시 연지동 14-104,전북특별자치도 정읍시 연지동 ,5530,,35,0.04
공장,전북특별자치도 전주시 덕진구 팔복동2가 448-1,전북특별자치도 전주시 덕진구 팔복동,7598,,,0.06
공장,전북특별자치도 전주시 완산구 삼천동2가 253-1,전북특별자치도 전주시 완산구 삼천3동,21476,,,0.03
공장,전라남도 목포시 연산동 1286,전라남도 목포시 연산동,10264,,,0.02
공장,전라남도 광양시 광양읍 초남리 747-5,전라남도 광양시 광양읍 ,46552,,39,0.03
공장,전라남도 여수시 미평동 573-11,전라남도 여수시 미평동,11646,,3,0.02
공장,전라남도 광양시 태인동 303-5,전라남도 광양시 태인동 ,1552,,,0.08
공장,전라남도 여수시 국동 37-207,전라남도 여수시 국동,10696,,11,0.02
공장,광주광역시 광산구 하남동 509-7,광주광역시 광산구 하남동 ,29835,,4,0.04
공장,광주광역시 북구 양산동 401-19,광주광역시 북구 양산동,36333,,,0.02
공장,광주광역시 광산구 옥동 879-12,광주광역시 광산구 평동 ,7242,,2,0.07
공장,광주광역시 광산구 연산동 1253,광주광역시 광산구 평동 ,7242,,2,0.07
공장,광주광역시 광산구 안청동 729-2,광주광역시 광산구 하남동 ,29835,,4,0.04
공장,제주특별자치도 서귀포시 동홍동 528-5,제주특별자치도 서귀포시 동홍동,22890,,2,0.02
공장,제주특별자치도 제주시 애월읍 수산리 2057-1,제주특별자치도 제주시 애월읍,37245,,197,0.03
공장,제주특별자치도 제주시 애월읍 수산리 2126-1,제주특별자치도 제주시 애월읍 ,37245,,197,0.03
공장,제주특별자치도 제주시 도두일동 2627-4,제주특별자치도 제주시 도두동 ,3262,,9,0.07
공장,제주특별자치도 제주시 화북일동 2130,제주특별자치도 제주시 화북동 ,23355,,1,0.02
숙박시설,강원 속초시 조양동 1287-9,강원 속초시 조양동,"28,916",18235,84.8,0.01
숙박시설,강원 양양군 현남면 인구리 633-4,강원 양양군 현남면,"2,922",21258,74.5,0.05
숙박시설,강원 강릉시 강문동 308-15(초당동),강원 강릉시 초당동,"4,433",23079,91,0.03
숙박시설,강원 평창군 진부면 하진부리 100-23,강원 평창군 진부면,"8,148",34437,77.3,0.03
숙박시설,강원 춘천시 근화동 283-8,강원 춘천시 근화동,"8,191",15928,81,0.02
숙박시설,경기 여주시 천송동 515(오학동),경기 여주시 오학동,"17,731",14346,76,0.02
숙박시설,경기 양평군 강하면 전수리 553-13,경기 양평군 강하면,"4,506",40707,73.9,0.03
숙박시설,경기 파주시 야당동 1081-2(운정3동),경기 파주시 운정3동,"67,061",41069,85,0.02
숙박시설,경기 수원시 팔달구 인계동 1022,경기 수원시 팔달구 인계동,"46,269",30954,81.3,0.04
숙박시설,경기 용인시 처인구 김량장동 336-12(중앙동),경기 용인시 처인구 중앙동,"28,600",71471,85,0.03
숙박시설,서울 영등포구 영등포동3가 21-12,서울 영등포구 영등포동3가,"30,206",190133,98.2,0.1
숙박시설,서울 마포구 서교동 354-10,서울 마포구 서교동,"25,611",196415,101,0.1
숙박시설,서울 종로구 창신동 436-73(창신1동),서울 종로구 창신1동,"5,294",25582,103.7,0.09
숙박시설,서울 강남구 대치동 891-35(대치4동),서울 강남구 대치4동,"18,049",239718,140.8,0.06
숙박시설,서울 성북구 동선동4가 85,서울 성북구 동선동4가,"15,932",67898,77,0.03
숙박시설,인천 중구 운서동 2801-4,인천 중구 운서동,"36,359",55728,110.5,0.02
숙박시설,인천 강화군 강화읍 남산리 439-16,인천 강화군 강화읍,"21,483",9407,72.2,0.03
숙박시설,인천 연수구 청학동 498-10,인천 연수구 청학동,"24,755",110764,82,0.02
숙박시설,인천 서구 원창동 381-51(오류왕길동),인천 서구 오류왕길동,"26,690",78848,82.9,0.04
숙박시설,인천 부평구 부평동 374-3(부평4동),인천 부평구 부평4동,"38,156",266708,77.3,0.02
숙박시설,세종특별자치시 세종시 나성동 785,세종특별자치시 세종시 나성동,"12,789",38777,77,0.05
숙박시설,충남 공주시 신관동 592-4,충남 공주시 신관동,"23,096",34417,74.6,0.03
숙박시설,충남 태안군 태안읍 남문리 700-1,충남 태안군 태안읍,"28,512",14773,76.2,0.03
숙박시설,충남 아산시 모종동 577-4(온양3동),충남 아산시 온양3동,"39,174",26464,81.8,0.01
숙박시설,충남 천안시 서북구 성정동 746-11(성정1동),충남 천안시 서북구 성정1동,"18,124",54979,78.8,0.02
숙박시설,충북 청주시 청원구 오창읍 양청리 815-6,충북 청주시 청원구 오창읍,"68,963",41483,73,0.02
숙박시설,충북 옥천군 옥천읍 금구리 126-13,충북 옥천군 옥천읍,"27,972",14564,66.7,0.03
숙박시설,충북 충주시 봉방동 195-3,충북 충주시 봉방동,"9,028",34801,79.3,0.03
숙박시설,충북 제천시 중앙로2가 28-8(중앙동),충북 제천시 중앙동,"5,353",14090,72.1,0.1
숙박시설,충북 단양군 단양읍 별곡리 632,충북 단양군 단양읍,"9,818",13987,68.8,0.03
숙박시설,대전 중구 대흥동 95-20,대전 중구 대흥동,"13,200",51477,76,0.04
숙박시설,대전 유성구 봉명동 440-26(온천1동),대전 유성구 온천1동,"27,075",75255,85.5,0.04
숙박시설,대전 서구 둔산동 1441(둔산1동),대전 서구 둔산1동,"15,842",98950,82.1,0.03
숙박시설,대전 대덕구 중리동 410-6,대전 대덕구 중리동,"18,600",98950,70.8,0.03
숙박시설,대전 동구 용전동 78-30,대전 동구 용전동,"20,706",98950,78.3,0.02
숙박시설,경북 경주시 신평동 242-12(보덕동),경북 경주시 보덕동,"1,528",10282,95.4,0.1
숙박시설,경북 포항시 남구 대도동 125-3(상대동),경북 포항시 남구 상대동,"23,665",36156,74.5,0.04
숙박시설,경북 의성군 의성읍 후죽리 858-66,경북 의성군 의성읍,"12,336",2668,65.2,0.04
숙박시설,경북 안동시 운흥동 141-45(중구동),경북 안동시 중구동,"5,277",14027,72.3,0.1
숙박시설,경북 구미시 원평동 1069-6,경북 구미시 원평동,"5,702",81863,74.7,0.11
숙박시설,경남 남해군 창선면 대벽리 178-14,경남 남해군 창선면,"5,177",9146,70,0.02
숙박시설,경남 통영시 항남동 239-4(중앙동),경남 통영시 중앙동,"3,453",23204,72.9,0.08
숙박시설,경남 거제시 장승포동 198,경남 거제시 장승포동,"6,120",12376,79,0.02
숙박시설,경남 진주시 칠암동 528-24(천전동),경남 진주시 천전동,"28,921",77777,73.5,0.02
숙박시설,경남 양산시 동면 석산리 1456-7,경남 양산시 동면,"44,260",28715,77.8,0.02
숙박시설,울산 울주군 서생면 나사리 129,울산 울주군 서생면,"8,170",14441,77.2,0.03
숙박시설,울산 남구 달동 1359-4,울산 남구 달동,"26,067",20222,78.5,0.03
숙박시설,울산 북구 산하동 1022-12(강동동),울산 북구 강동동,"16,117",30691,70.1,0.02
숙박시설,울산 남구 무거동 1524-5,울산 남구 무거동,"34,796",44727,78.5,0.02
숙박시설,울산 울주군 삼남읍 신화리 1603-6,울산 울주군 삼남읍,"22,317",37743,77.2,0.02
숙박시설,대구 달서구 이곡동 1200-3(이곡2동),대구 달서구 이곡2동,"15,764",66579,79,0.04
숙박시설,대구 남구 대명동 3048-35(대명4동),대구 남구 대명4동,"10,277",66579,67.7,0.03
숙박시설,대구 수성구 두산동 199-1,대구 수성구 두산동,"14,230",63177,78.3,0.03
숙박시설,대구 동구 상매동 505-9(안심2동),대구 동구 안심2동,"13,270",34434,83.5,0.02
숙박시설,대구 북구 산격동 1682(산격2동),대구 북구 산격2동,"10,219",135921,77.4,0.09
숙박시설,부산 해운대구 우동 762-47(우1동),부산 해운대구 우1동,"21,937",48622,99.6,0.03
숙박시설,부산 남구 대연동 1752-17(대연1동),부산 남구 대연1동,"17,570",134118,72.5,0.02
숙박시설,부산 부산진구 부전동 519-27(부전2동),부산 부산진구 부전2동,"11,148",134118,83.9,0.1
숙박시설,부산 중구 대청동2가 30-17,부산 중구 대청동2가,"5,715",134118,73.6,0.03
숙박시설,부산 사상구 삼락동 353-2,부산 사상구 삼락동,"5,611",74557,70.4,0.08
숙박시설,전북 전주시 완산구 중화산동2가 661-8(중화산1동),전북 전주시 완산구 중화산1동,"13,965",35443,78.6,0.02
숙박시설,전북 전주시 덕진구 송천동2가 1333-7(송천1동),전북 전주시 덕진구 송천1동,"63,864",29756,75.8,0.01
숙박시설,전북 부안군 행안면 역리 산156-2,전북 부안군 행안면,"2,069",8390,68.5,0.06
숙박시설,전북 군산시 대명동 387-9(중앙동),전북 군산시 중앙동,"3,990",28839,77.3,0.05
숙박시설,전북 익산시 송학동 3-10,전북 익산시 송학동,"8,695",7118,74.2,0.01
숙박시설,전남 해남군 해남읍 해리 288-12,전남 해남군 해남읍,"22,960",19589,67.2,0.03
숙박시설,전남 강진군 군동면 삼신리 898-9,전남 강진군 군동면,"4,232",9031,65.1,0.02
숙박시설,전남 여수시 국동 37-28,전남 여수시 국동,"10,696",14076,84.9,0.02
숙박시설,전남 순천시 풍덕동 290-12,전남 순천시 풍덕동,"6,842",3801,76.4,0.04
숙박시설,전남 나주시 빛가람동 336-1,전남 나주시 빛가람동,"38,238",57752,68.8,0.02
숙박시설,광주 남구 백운동 635-32(백운2동),광주 남구 백운2동,"6,852",97671,67.6,0.02
숙박시설,광주 동구 불로동 24(서남동),광주 동구 서남동,"6,537",97671,70.1,0.05
숙박시설,광주 서구 치평동 1231-9,광주 서구 치평동,"29,447",101257,78.6,0.04
숙박시설,광주 광산구 송정동 840-31(송정2동),광주 광산구 송정2동,"6,228",47995,79.9,0.05
숙박시설,광주 북구 오치동 856-20(오치2동),광주 북구 오치2동,"11,601",134317,78.3,0.02
숙박시설,제주 제주시 애월읍 하귀2리 2810-1,제주 제주시 애월읍,"37,245",25865,134.2,0.03
숙박시설,제주 제주시 조천읍 함덕리 1252-10,제주 제주시 조천읍,"24,995",19080,134.2,0.03
숙박시설,제주 서귀포시 중문동 2050-1,제주 서귀포시 중문동,"12,280",19840,114,0.02
숙박시설,제주 서귀포시 표선면 표선리 634-8,제주 서귀포시 표선면,"12,172",2994,114,0.03
숙박시설,제주 서귀포시 성산읍 고성리 298-41,제주 서귀포시 성산읍,"15,530",7967,114,0.03
가설건축,강원도 원주시 개운동 451-1,강원도 원주시 개운동,"12,041",17545,80.1,0.02
가설건축,강원도 원주시 단구동 1486-1,강원도 원주시 단구동,"42,402",17545,80.1,0.02
가설건축,강원도 원주시 무실동 1721-2,강원도 원주시 무실동,"34,464",47596,80.1,0.02
가설건축,강원도 강릉시 송정동 549,강원도 강릉시 송정동,"9,570",8976,91,0.02
가설건축,강원도 춘천시 동내면 거두리 538,강원도 춘천시 동내면,"16,439",26024,81,0.03
가설건축,경기도 용인시 처인구 역북동 553-12번지,경기도 용인시 처인구 역북동,"35,586",68277,85,0.02
가설건축,경기도 남양주시 별내동 816-1,경기도 남양주시 별내동,"77,318",138269,88.6,0.02
가설건축,경기도 의정부시 민락동 883번지(송산3동),경기도 의정부시 송산3동),"44,840",78719,75.3,0.02
가설건축,경기도 고양시 덕양구 덕은동 425-35번지(대덕동),경기도 고양시 덕양구 대덕동),"15,617",196415,83.2,0.02
가설건축,경기도 수원시 권선구 서부로 1670 (서둔동),경기도 수원시 권선구 서둔동),"38,146",45241,75.3,0.02
가설건축,서울특별시 용산구 한남동 유엔빌리지길 1 3층–4층,서울특별시 용산구 한남동,"18,625",25582,100.3,0.04
가설건축,서울특별시 용산구 한남동 88-4번지,서울특별시 용산구 한남동,"18,625",25582,100.3,0.04
가설건축,서울 노원구 월계동 85(월계3동),서울 노원구 월계3동,"27,931",35408,78.1,0.01
가설건축,서울 강남구 대치동 995-8(대치2동),서울 강남구 대치2동),"35,686",239718,140.8,0.03
가설건축,서울특별시 동대문구 용두동 36-2 1층(용신동),서울특별시 동대문구 용신동),"39,131",25582,78.7,0.04
가설건축,인천광역시 미추홀구 학익동 587-84(학익1동),인천광역시 미추홀구 학익1동),"31,035",60971,75.8,0.01
가설건축,인천 남동구 구월동 1133-15(구월3동),인천 남동구 구월3동),"29,993",145280,80.3,0.04
가설건축,인천 미추홀구 용현동 627-80(용현5동),인천 미추홀구 용현5동),"45,884",60971,75.8,0.01
가설건축,인천광역시 부평구 부평동 760-153번지(부평2동),인천광역시 부평구 부평2동,"16,254",266708,77.3,0.01
가설건축,인천광역시 서구 경서동 956-9번지(검암경서동),인천광역시 서구 검암경서동),"53,521",78077,82.9,0.02
가설건축,세종 연기면 보통리 319-1,세종 연기면,"2,987",25888,77,0.03
가설건축,세종 대평동 270-10,세종 대평동,"10,822",64466,77,0.02
가설건축,충남 아산시 배방읍 장재리 1628,충남 아산시 배방읍,"86,956",71113,81.8,0.01
가설건축,충청남도 아산시 배방읍 장재리 1714,충청남도 아산시 배방읍,"86,956",71113,81.8,0.01
가설건축,충청남도 서산시 예천동 23-20(석남동),충청남도 서산시 석남동),"34,694",15400,72.4,0.02
가설건축,충청북도 청주시 서원구 장성동 204번지(분평동),충청북도 청주시 서원구 분평동),"28,816",28239,72.2,0.02
가설건축,충청북도 청주시 서원구 장성동 183-2번지(분평동),충청북도 청주시 서원구 분평동),"28,816",28239,72.2,0.02
가설건축,충청북도 청주시 흥덕구 가경동 1017번지 일원,충청북도 청주시 흥덕구 가경동,"54,189",70487,78.9,0.02
가설건축,충청북도 청주시 서원구 분평동 534번지,충청북도 청주시 서원구 분평동,"28,816",22985,72.2,0.02
가설건축,충청북도 음성군 맹동면 두성리 1124번지,충청북도 음성군 맹동면,"13,860",4184,70.7,0.03
가설건축,대전광역시 유성구 원신흥동 576-4번지,대전광역시 유성구 원신흥동,"27,735",64700,85.5,0.01
가설건축,대전광역시 중구 선화동 95-3번지(은행선화동),대전광역시 중구 은행선화동),"13,975",98950,76,0.06
가설건축,대전광역시 중구 용두동 112-7번지,대전광역시 중구 용두동,"9,065",98950,76,0.02
가설건축,대전광역시 동구 성남동 1-97번지,대전광역시 동구 성남동,"10,895",98950,78.3,0.02
가설건축,대전광역시 동구 가양동 452-1번지 일원(가양1동),대전광역시 동구 가양1동),"13,192",98950,78.3,0.02
가설건축,경북 포항시 북구 죽도동 618-11,경북 포항시 북구 죽도동,"19,406",21053,76.3,0.05
가설건축,경북 김천시 신음동 1054-8(대신동),경북 김천시 대신동),"26,548",41508,69,0.02
가설건축,경북 안동시 풍천면 갈전리 329-3,경북 안동시 풍천면,"6,897",1452,72.3,0.03
가설건축,경북 경산시 중산동 628-83(서부2동),경북 경산시 서부2동),"34,518",63177,72.7,0.01
가설건축,경북 경주시 용강동 800-19,경북 경주시 용강동,"25,201",25475,95.4,0.01
가설건축,경상남도 김해시 진례면 시례리 214번지 일원,경상남도 김해시 진례면,"8,067",89698,82.3,0.08
가설건축,경상남도 창원시 진해구 자은동 723번지 일원,경상남도 창원시 진해구 자은동,"20,263",30752,70,0.01
가설건축,경상남도 김해시 대청동 71-3번지(장유2동),경상남도 김해시 장유2동),"36,952",65997,82.3,0.02
가설건축,경상남도 창원시 성산구 안민동 614-2번지 일원(성주동),경상남도 창원시 성산구 성주동),"25,103",36957,71.8,0.02
가설건축,경상남도 김해시 대청동 303-3번지(장유2동),경상남도 김해시 장유2동),"36,952",65997,82.3,0.02
가설건축,울산 중구 우정동 522-1,울산 중구 우정동,"16,892",24520,68.3,0.01
가설건축,울산광역시 남구 신정동 1136-3번지 외 15필지(신정1동),울산광역시 남구 신정1동),"17,815",20222,78.5,0.02
가설건축,울산광역시 중구 학성동 397-1번지 일원,울산광역시 중구 학성동,"10,635",24520,68.3,0.03
가설건축,울산광역시 남구 야음동 363-2번지 일원(야음장생포동),울산광역시 남구 야음장생포동),"8,939",23213,78.5,0.05
가설건축,울산 울주군 언양읍 동부리 84-5,울산 울주군 언양읍,"31,333",53247,77.2,0.02
가설건축,대구 수성구 만촌2동 1036-26,대구 수성구 만촌2동,"10,182",63177,78.3,0.02
가설건축,대구광역시 중구 공평동 58-1번지 일원(성내1동),대구광역시 중구 성내1동),"4,752",135921,76.4,0.22
가설건축,대구 달서구 상인동 1332-100(상인2동),대구 달서구 상인2동),"18,225",111796,79,0.02
가설건축,대구 달서구 월성동 1874,대구 달서구 감삼동,"28,856",66579,79,0.02
가설건축,대구광역시 달서구 두류동 138-2번지(두류1·2동),대구광역시 달서구 두류1·2동),"15,023",66579,79,0.02
가설건축,부산광역시 해운대구 재송동 856-6번지 일원(재송1동),부산광역시 해운대구 재송1동),"35,710",48622,99.6,0.03
가설건축,부산광역시 남구 우암동 198-3번지 일원,부산광역시 남구 우암동,"11,943",134118,72.5,0.01
가설건축,부산광역시 남구 대연동 455-25번지(대연3동),부산광역시 남구 대연3동),"38,962",48622,72.5,0.02
가설건축,부산 기장군 장안읍 좌동리 252,부산 기장군 장안읍,"9,024",32370,83,0.05
가설건축,부산광역시 수영구 광안동 1239-21(광안4동),부산광역시 수영구 광안4동),"13,254",48622,79,0.02
가설건축,전라북도 군산시 미장동 535번지(미성동),전라북도 군산시 미성동),"10,806",13290,77.3,0.04
가설건축,전라북도 전주시 덕진구 인후동2가 1560번지(인후2동),전라북도 전주시 덕진구 인후2동),"10,679",27659,75.8,0.03
가설건축,전라북도 익산시 송학동 245-25번지,전라북도 익산시 송학동,"8,695",7118,74.2,0.01
가설건축,전라북도 완주군 삼례읍 수계리 322-2번지,전라북도 완주군 삼례읍,"22,353",34673,70.4,0.02
가설건축,전라북도 전주시 덕진구 우아동3가 747-81번지 일원(우아1동),전라북도 전주시 덕진구 우아1동),"12,091",27659,75.8,0.03
가설건축,전라남도 순천시 가곡동 359-3번지(삼산동),전라남도 순천시 삼산동),"28,506",31469,76.4,0.02
가설건축,전라남도 광양시 마동 1344번지(중마동),전라남도 광양시 중마동),"56,681",11124,69.3,0.02
가설건축,전라남도 화순군 화순읍 삼천리 703번지 일원,전라남도 화순군 화순읍,"38,380",14142,66.5,0.02
가설건축,전라남도 순천시 덕암동 45번지 일원(덕연동),전라남도 순천시 덕연동),"39,932",3801,76.4,0.03
가설건축,전라남도 목포시 상동 1123번지 2층,전라남도 목포시 상동,"21,500",9845,76.9,0.01
가설건축,광주광역시 남구 월산동 141-4,광주광역시 남구 월산동,"8,388",97671,67.6,0.02
가설건축,광주 북구 중흥동 323-5,광주 북구 중흥동,"15,147",97671,78.3,0.02
가설건축,광주광역시 서구 치평동 1163-1,광주광역시 서구 치평동,"29,447",101257,78.6,0.04
가설건축,광주광역시 북구 매곡동 산131-1번지 일원,광주광역시 북구 매곡동,"13,254",134317,78.3,0.02
가설건축,광주광역시 서구 화정동 744-13번지(화정1동),광주광역시 서구 화정1동),"15,641",134317,78.6,0.02
가설건축,제주시 오라2동 1585-1,제주시 오라2동,"15,735",14084,134.2,0.03
가설건축,제주시 화북2동 5563 일원,제주시 화북2동,"23,355",35338,134.2,0.02
가설건축,제주시 도남동 205번지(이도2동),제주시 이도2동,"48,436",14084,134.2,0.03
가설건축,제주특별자치도 제주시 건입동 167번지,제주특별자치도 제주시 건입동,"9,010",33186,134.2,0.02
가설건축,제주시 연동 276-1,제주시 연동,"43,976",54135,134.2,0.03
기타,강원특별자치도 강릉시 강문동 182(초당동),강원특별자치도 강릉시 초당동),"4,433",23079,91,0.03
기타,강원 춘천시 후평동 67-7(후평3동),강원 춘천시 후평3동),"19,331",26024,81,0.01
기타,강원특별자치도 원주시 흥업면 흥업리 584-1,강원특별자치도 원주시 흥업면,"15,011",23372,80.1,0.02
기타,강원특별자치도 영월군 영월읍 영흥리 924-4,강원특별자치도 영월군 영월읍,"19,506",3392,66.7,0.03
기타,강원특별자치도 동해시 천곡동 1070,강원특별자치도 동해시 천곡동,"29,530",15240,69.1,0.03
기타,경기 김포시 고촌읍 신곡리 532-87,경기 김포시 고촌읍,"46,560",207458,83.8,0.02
기타,경기도 광명시 철산동 63(철산 1동),경기도 광명시 철산 1동),"10,263",113301,75.1,0.01
기타,경기도 여주시 창동 138-7(중앙동),경기도 여주시 중앙동),"24,782",14346,76,0.02
기타,경기도 오산시 원동 812-5(대원1동),경기도 오산시 대원1동),"47,912",204646,71.3,0.02
기타,경기도 안양시 만안구 안양동 842-2(안양2동),경기도 안양시 만안구 안양2동),"23,710",64576,69.3,0.02
기타,서울특별시 동대문구 신설동 114-29(용신동),서울특별시 동대문구 용신동),"39,131",25582,78.7,0.04
기타,서울특별시 서초구 서초동 1673-6(서초1동),서울특별시 서초구 서초1동),"19,722",203917,113,0.05
기타,서울특별시 양천구 신정동 321-4(신정6동),서울특별시 양천구 신정6동),"22,574",190133,73.2,0.01
기타,서울특별시 중구 서소문동 57-9(소공동),서울특별시 중구 소공동),"2,717",196415,134.3,0.35
기타,"서울특별시 노원구 월계동 60-1, 65-1(월계1동)",서울특별시 노원구 월계1동),"22,158",67898,78.1,0.01
기타,인천광역시 중구 전동 2-5(동인천동),인천광역시 중구 동인천동),"5,683",78848,110.5,0.05
기타,인천광역시 중구 도원동 5-7,인천광역시 중구 도원동,"3,645",60971,110.5,0.02
기타,인천광역시 중구 송학동3가 3-1(신포동),인천광역시 중구 신포동),"4,944",60971,110.5,0.08
기타,인천광역시 남동구 간석3동 37-661,인천광역시 남동구 간석3동,"26,606",259193,80.3,0.02
기타,인천 부평구 부개동 206-1(부개2동),인천 부평구 부개2동),"19,278",266708,77.3,0.01
기타,충남 천안시 동남구 신부동 628(신안동),충남 천안시 동남구 신안동),"49,621",163427,79.6,0.02
기타,충남 공주시 정안면 광정리 270-9,충남 공주시 정안면,"4,883",3404,74.6,0.03
기타,충남 예산군 예산읍 예산리 604-6,충남 예산군 예산읍,"31,738",9043,70.1,0.03
기타,세종특별자치시 보람동 748,세종특별자치시 보람동,"18,295",64466,77,0.02
기타,세종특별자치시 금남면 신촌리 297-11,세종특별자치시 금남면,"8,481",64466,77,0.03
기타,충청북도 충주시 금릉동730(칠금.금릉동),충청북도 충주시 칠금.금릉동),"13,824",2838,79.3,0.05
기타,충청북도 청주시 상당구 산성동 180,충청북도 청주시 상당구 산성동,"12,665",9722,72.4,0.02
기타,충청북도 음성군 음성읍 읍내리 308-27,충청북도 음성군 음성읍,"16,976",2842,70.7,0.02
기타,충북 제천시 중앙로2가 160(중앙동),충북 제천시 중앙동),"5,353",14090,72.1,0.1
기타,충청북도 괴산군 괴산읍 동부리672-5,충청북도 괴산군 괴산읍,"10,874",14566,67.5,0.03
기타,대전광역시 중구 대흥동480,대전광역시 중구 대흥동,"13,200",51477,76,0.04
기타,대전광역시 대덕구 읍내동247-3(회덕동),대전광역시 대덕구 회덕동),"11,296",98950,70.8,0.03
기타,대전광역시 중구 부사동 150-1,대전광역시 중구 부사동,"6,277",51477,76,0.04
기타,대전 서구 가장동 27-1,대전 서구 가장동,"10,789",44361,82.1,0.01
기타,대전광역시 대덕구 비래동412-2,대전광역시 대덕구 비래동,"15,278",98950,70.8,0.02
기타,경상북도 영천시 금호읍 교대리 185-1,경상북도 영천시 금호읍,"10,451",32771,67.8,0.02
기타,경북 경주시 노동동 12-1(황오동),경북 경주시 황오동),"5,937",25475,95.4,0.06
기타,경상북도 포항시 북구 동빈2가 148-4(중앙동),경상북도 포항시 북구 중앙동),"14,581",21053,76.3,0.05
기타,경북 구미시 원평동 964-451,경북 구미시 원평동,"5,702",81863,74.7,0.11
기타,경상북도 영주시 풍기읍 동부리 493-21(영남타운 인근),경상북도 영주시 풍기읍,"11,551",13454,67,0.03
기타,경상남도 고성군 고성읍 기월리 653-7,경상남도 고성군 고성읍,"22,925",4410,66.9,0.03
기타,경상남도 창원시 마산회원구 석전동 248-20,경상남도 창원시 마산회원구 석전동,"16,024",58678,67.4,0.02
기타,경상남도 양산시 삼호동 471(서창동),경상남도 양산시 서창동,"29,045",15330,77.8,0.02
기타,경상남도 하동군 하동읍 읍내리 1261-4,경상남도 하동군 하동읍,"8,868",2191,66.8,0.04
기타,경상남도 산청군 산청읍 옥산리 465-3,경상남도 산청군 산청읍,"6,608",2237,66.4,0.03
기타,울산광역시 남구 삼산동 1477-6,울산광역시 남구 삼산동,"47,809",20222,78.5,0.05
기타,울산광역시 동구 전하동 451-3(전하1동),울산광역시 동구 전하1동),"15,187",30691,66.8,0.01
기타,울산광역시 동구 전하동 290-58(전하1동),울산광역시 동구 전하1동),"15,187",30691,66.8,0.01
기타,울산광역시 북구 연암동 1004-1(효문동),울산광역시 북구 효문동),"29,237",30691,70.1,0.04
기타,울산광역시 동구 서부동 248-42(남목2동),울산광역시 동구 남목2동),"26,103",30691,66.8,0.01
기타,대구 중구 동인동2가 42,대구 중구 동인동2가,"8,302",135921,76.4,0.05
기타,대구 중구 포정동 21(성내2동),대구 중구 성내2동),"4,931",135921,76.4,0.18
기타,대구광역시 동구 지저동 694-51,대구광역시 동구 지저동,"13,292",27690,83.5,0.02
기타,대구광역시 동구 신기동 174(안심1동),대구광역시 동구 안심1동),"38,931",86465,83.5,0.02
기타,대구광역시 달서구 호림동 22-1(신당동),대구광역시 달서구 신당동),"40,157",12185,79,0.03
기타,부산광역시 금정구 노포동 133(청룡노포동),부산광역시 금정구 청룡노포동),"9,222",65379,70.2,0.02
기타,부산광역시 해운대구 좌동 1461-2(좌1동),부산광역시 해운대구 좌1동),"16,766",48622,99.6,0.03
기타,부산광역시 금정구 구서동 248-25(구서2동),부산광역시 금정구 구서2동),"30,692",70579,70.2,0.01
기타,부산 사하구 당리동 317-100,부산 사하구 당리동,"23,905",134118,70.6,0.02
기타,부산 수영구 남천동 148-15(남천2동),부산 수영구 남천2동),"12,725",48622,79,0.02
기타,전라북도 익산시 남중동 60,전라북도 익산시 남중동,"10,519",9821,74.2,0.03
기타,전라북도 전주시 덕진구 진북동 434-34,전라북도 전주시 덕진구 진북동,"12,766",27659,75.8,0.03
기타,전북 남원시 금동 406-22,전북 남원시 금동,"5,965",4590,67.8,0.03
기타,전북 전주시 완산구 중화산동2가 486-2(중화산2동),전북 전주시 완산구 중화산2동),"18,923",35443,78.6,0.03
기타,전북 군산시 조촌동868-2,전북 군산시 조촌동,"27,410",13290,77.3,0.02
기타,전라남도 목포시 호남동 9-1(목원동),전라남도 목포시 목원동),"6,544",16601,76.9,0.05
기타,전라남도 목포시 용당동 993-2(용당2동),전라남도 목포시 용당2동),"4,665",9845,76.9,0.03
기타,전라남도 여수시 덕충동 2036번지(만덕동),전라남도 여수시 만덕동),"9,910",14076,84.9,0.02
기타,전남 순천시 동외동 152-2(향동),전남 순천시 향동),"3,083",31469,76.4,0.03
기타,전라남도 광양시 진월면 선소리 812-68,전라남도 광양시 진월면,"2,443",6139,69.3,0.03
기타,광주광역시 서구 치평동1308-1,광주광역시 서구 치평동,"29,447",101257,78.6,0.04
기타,광주광역시 서구 금호동764(금호1동),광주광역시 서구 금호1동),"19,377",134317,78.6,0.02
기타,광주광역시 북구 삼각동781-3,광주광역시 북구 삼각동,"13,497",134317,78.3,0.01
기타,광주광역시 광산구 송정동1005-1(송정2동),광주광역시 광산구 송정2동),"6,228",47995,79.9,0.05
기타,광주광역시 광산구 우산동1601-6,광주광역시 광산구 우산동,"30,668",101257,79.9,0.02
기타,제주특별자치도 제주시 일도1동1103,제주특별자치도 제주시 일도1동,"2,177",33186,134.2,0.13
기타,제주특별자치도 제주시 연동272-31,제주특별자치도 제주시 연동,"43,976",54135,134.2,0.03
기타,제주특별자치도 제주시 삼도2동1222-2,제주특별자치도 제주시 삼도2동,"8,111",33186,134.2,0.03
기타,제주특별자치도 제주시 일도1동1491-1,제주특별자치도 제주시 일도1동,"2,177",33186,134.2,0.13
기타,제주특별자치도 제주시 노형동 3793-1,제주특별자치도 제주시 노형동,"57,043",54135,134.2,0.03