대분류,지번주소 (읍/면/동),관할주소,인구[명],교통량,숙박업소(관광지수),상권밀집도(비율),공시지가(토지단가),권역,인구[명]_norm,교통량_norm,숙박업소(관광지수)_norm,상권밀집도(비율)_norm,추천_대분류,추천_거리
근린생활시설,강원특별자치도 강릉시 옥천동 62-3,강원특별자치도 강릉시 옥천동,3236.0,,,0.11,,강원특별자치도,-1.176184563410497,,,3.2272544505731005,,inf
근린생활시설,강원특별자치도 원주시 단계동 879-1,강원특별자치도 원주시 무실동,34464.0,,,0.02,,강원특별자치도,0.8774703275892718,,,-0.6283150257752937,,inf
근린생활시설,강원특별자치도 원주시 반곡동 1141,강원특별자치도 원주시 반곡관설동,45914.0,,,0.02,,강원특별자치도,1.6304595840881624,,,-0.6283150257752937,,inf
근린생활시설,강원특별자치도 홍천군 홍천읍 희망리 398-2,강원특별자치도 홍천군 홍천읍,32605.0,,,0.03,,강원특별자치도,0.7552164386956964,,,-0.19991841729213894,,inf
근린생활시설,강원특별자치도 춘천시 후평동 735-23,강원특별자치도 춘천시 후평1동,13775.0,,,0.02,,강원특별자치도,-0.4831056311623043,,,-0.6283150257752937,,inf
근린생활시설,경기 가평군 가평읍 읍내리 615-12,경기도 가평군 가평읍,19438.0,,,0.03,,경기도,-0.7305134625649999,,,1.3728129459672882,,inf
근린생활시설,경기 부천시 소사구 괴안동 112-23,경기도 부천시 소사구 역곡3동,23416.0,,,0.02,,경기도,-0.41124956610663455,,,-0.09805806756909194,,inf
근린생활시설,경기 가평군 청평면 대성리 344-22,경기도 가평군 청평면,12863.0,,,0.03,,경기도,-1.2582058002255712,,,1.3728129459672882,,inf
근린생활시설,경기 포천시 선단동 557,경기도 포천시 선단동,18136.0,,,0.03,,경기도,-0.8350085840302567,,,1.3728129459672882,,inf
근린생활시설,경기 군포시 대야미동 5,경기도 군포시 대야동,9075.0,,,0.02,,경기도,-1.5622207926298666,,,-0.09805806756909194,,inf
근린생활시설,경남 김해시 삼계동 1460-5,경상남도 김해시 북부동,82345.0,,,0.01,,경상북도,2.5297610718823984,,,-1.3483997249264845,,inf
근린생활시설,경남 김해시 삼정동 616-3,경상남도 김해시 활천동,40591.0,,,0.02,,경상북도,0.4802789585311175,,,-0.6741998624632425,,inf
근린생활시설,경남 김해시 삼정동 616-5,경상남도 김해시 활천동,40591.0,,,0.02,,경상북도,0.4802789585311175,,,-0.6741998624632425,,inf
근린생활시설,경남 김해시 외동 238-19,경상남도 김해시 내외동,72268.0,,,0.02,,경상북도,2.0351346586946595,,,-0.6741998624632425,,inf
근린생활시설,경남 통영시 봉평동 124-7,경상남도 통영시 봉평동,9363.0,,,0.02,,경상북도,-1.052537716176307,,,-0.6741998624632425,,inf
근린생활시설,경북 포항시 북구 장성동 1576-5,경상북도 포항시 북구 장량동,70669.0,,,0.02,,경상북도,1.9566482406449228,,,-0.6741998624632425,,inf
근린생활시설,경북 포항시 남구 상도동 601,경상북도 포항시 남구 상대동,23665.0,,,0.04,,경상북도,-0.3505284910685324,,,0.6741998624632417,,inf
근린생활시설,경북 포항시 북구 죽도동 699-1,경상북도 포항시 북구 죽도동,19406.0,,,0.05,,경상북도,-0.5595801824217705,,,1.3483997249264839,,inf
근린생활시설,경북 경주시 황오동 307-2,경상북도 경주시 황오동,5937.0,,,0.06,,경상북도,-1.2207018614160803,,,2.022599587389726,,inf
근린생활시설,경북 경주시 황남동 271-46,경상북도 경주시 황남동,3845.0,,,0.06,,경상북도,-1.323387031247255,,,2.022599587389726,,inf
근린생활시설,광주 광산구 흑석동 530,광주광역시 광산구 수완동,74166.0,,,0.01,,광주광역시,3.1463636542881632,,,-0.6727752154271672,,inf
근린생활시설,광주 동구 월남동 625,광주광역시 동구 지원2동,17169.0,,,0.01,,광주광역시,-0.07666306575048508,,,-0.6727752154271672,,inf
근린생활시설,광주 광산구 산정동 143-16,광주광역시 광산구 월곡2동,21404.0,,,0.02,,광주광역시,0.16281476921212132,,,-0.4823671355892898,,inf
근린생활시설,광주 북구 신안동 335-1,광주광역시 북구 신안동,12894.0,,,0.03,,광주광역시,-0.31840279289691775,,,-0.2919590557514123,,inf
근린생활시설,광주 동구 동명동 12-3,광주광역시 동구 동명동,4030.0,,,0.05,,광주광역시,-0.8196381008328193,,,0.08885710392434283,,inf
근린생활시설,대구 동구 신서동 718,대구광역시 동구 안심4동,27078.0,,,0.02,,대구광역시,1.5738024667378225,,,-0.6043738973855274,,inf
근린생활시설,대구 중구 동성로2가 150-16,대구광역시 중구 성내1동,4752.0,,,0.22,,대구광역시,-1.2157259423562736,,,2.273597042545555,,inf
근린생활시설,대구 북구 태전동 1049-2,대구광역시 북구 태전2동,23925.0,,,0.02,,대구광역시,1.179849986496235,,,-0.6043738973855274,,inf
근린생활시설,대구 동구 신천동 300-2,대구광역시 동구 신천4동,7945.0,,,0.07,,대구광역시,-0.8167756507573554,,,0.1151188375972433,,inf
근린생활시설,대구 중구 봉산동 5-4,대구광역시 중구 성내1동,4752.0,,,0.22,,대구광역시,-1.2157259423562736,,,2.273597042545555,,inf
근린생활시설,대전 서구 가수원동 655-4,대전광역시 서구 가수원동,10235.0,,,0.02,,대전광역시,-1.0826875289522815,,,-0.7970811413304555,,inf
근린생활시설,대전 서구 가장동 54-26,대전광역시 서구 가장동,10789.0,,,0.01,,대전광역시,-1.0141212242868127,,,-1.7167901505579042,,inf
근린생활시설,대전 중구 대흥동 452-2,대전광역시 중구 대흥동,13200.0,,,0.04,,대전광역시,-0.7157216565098367,,,1.042336877124442,,inf
근린생활시설,대전 중구 은행동 166-2,대전광역시 중구 은행선화동,13975.0,,,0.06,,대전광역시,-0.6198030895139193,,,2.881754895579339,,inf
근린생활시설,대전 동구 성남동 502-2,대전광역시 동구 성남동,10895.0,,,0.02,,대전광역시,-1.0010020396396293,,,-0.7970811413304555,,inf
근린생활시설,부산 금정구 구서동 163-2,부산광역시 금정구 구서2동,30692.0,,,0.01,,부산광역시,0.8426676354995317,,,-0.7038153430777868,,inf
근린생활시설,부산 부산진구 범전동 383-25,부산광역시 부산진구 부전1동,15192.0,,,0.08,,부산광역시,-0.947555459134384,,,1.1436999325014037,,inf
근린생활시설,부산 강서구 대저1동 2530-3,부산광역시 강서구 대저1동,5604.0,,,0.15,,부산광역시,-2.0549528159956734,,,2.991215208080594,,inf
근린생활시설,부산 사상구 주례동 189-9,부산광역시 사상구 주례2동,25037.0,,,0.01,,부산광역시,0.18952495161857733,,,-0.7038153430777868,,inf
근린생활시설,부산 사하구 하단동 1157-17,부산광역시 사하구 하단2동,26852.0,,,0.02,,부산광역시,0.39915430108700034,,,-0.4398845894236168,,inf
근린생활시설,서울 강서구 등촌동 630,서울특별시 강서구 등촌1동,24308.0,,,0.02,,서울특별시,0.08417978921347012,,,-0.4630788411589358,,inf
근린생활시설,서울 양천구 신월동 199-3,서울특별시 양천구 신월3동,14226.0,,,0.02,,서울특별시,-1.142354837349439,,,-0.4630788411589358,,inf
근린생활시설,서울 서초구 양재동 81,서울특별시 서초구 양재1동,40223.0,,,0.03,,서울특별시,2.0203331895059415,,,0.03307706008278092,,inf
근린생활시설,서울 양천구 신월동 205-48,서울특별시 양천구 신월3동,14226.0,,,0.02,,서울특별시,-1.142354837349439,,,-0.4630788411589358,,inf
근린생활시설,서울 강서구 화곡동 772-67,서울특별시 강서구 화곡4동,19617.0,,,0.02,,서울특별시,-0.48650796452652256,,,-0.4630788411589358,,inf
근린생활시설,울산 남구 삼산동 1550-7,울산광역시 남구 삼산동,47809.0,,,0.05,,울산광역시,1.5200013560195358,,,1.4790199457749038,,inf
근린생활시설,울산 남구 달동 1313-9,울산광역시 남구 삼산동,47809.0,,,0.05,,울산광역시,1.5200013560195358,,,1.4790199457749038,,inf
근린생활시설,울산 중구 복산동 40-6,울산광역시 중구 복산동,17417.0,,,0.01,,울산광역시,-1.1525568464657636,,,-1.0564428184106458,,inf
근린생활시설,울산 북구 연암동 1260-3,울산광역시 북구 효문동,29237.0,,,0.04,,울산광역시,-0.11315049106380796,,,0.8451542547285164,,inf
근린생활시설,울산 울주군 삼남읍 가천리 1132-17,울산광역시 울주군 삼남읍,22317.0,,,0.02,,울산광역시,-0.7216692710453252,,,-0.4225771273642583,,inf
근린생활시설,인천 중구 덕교동 615-12,인천광역시 중구 용유동,3288.0,,,0.06,,인천광역시,-2.248195227988709,,,2.3815497351733583,,inf
근린생활시설,인천 남동구 구월동 1185,인천광역시 남동구 구월1동,31328.0,,,0.02,,인천광역시,0.42384112542667857,,,-0.9415429185569096,,inf
근린생활시설,인천 남동구 구월동 1120-16,인천광역시 남동구 구월3동,29993.0,,,0.04,,인천광역시,0.2966239880582926,,,0.7200034083082244,,inf
근린생활시설,인천 연수구 송도동 8-17,인천광역시 연수구 송도1동,38403.0,,,0.02,,인천광역시,1.098044306611196,,,-0.9415429185569096,,inf
근린생활시설,인천 남동구 구월동 279-3,인천광역시 남동구 구월1동,31328.0,,,0.02,,인천광역시,0.42384112542667857,,,-0.9415429185569096,,inf
근린생활시설,전남 광양시 중동 1309-3,전라남도 광양시 중마동,56681.0,,,0.02,,전라북도,1.7855545426060828,,,-0.5539117094069975,,inf
근린생활시설,전남 순천시 조례동 382-1,전라남도 순천시 왕조1동,37680.0,,,0.02,,전라북도,0.7776207017950125,,,-0.5539117094069975,,inf
근린생활시설,전남 광양시 마동 421-2,전라남도 광양시 중마동,56681.0,,,0.02,,전라북도,1.7855545426060828,,,-0.5539117094069975,,inf
근린생활시설,전남 장성군 장성읍 영천리 1481-20,전라남도 장성군 장성읍,12715.0,,,0.03,,전라북도,-0.5466816157592412,,,0.3692744729379979,,inf
근린생활시설,전남 목포시 무안동 1-3,전라남도 목포시 목원동,6544.0,,,0.05,,전라북도,-0.874030688526207,,,2.2156468376279896,,inf
근린생활시설,전북특별자치도 전주시 완산구 경원동1가 40-5,전북특별자치도 전주시 완산구 풍남동,3745.0,,,0.13,,전북특별자치도,-0.8914272460692734,,,3.2635942469983603,,inf
근린생활시설,전북특별자치도 정읍시 수성동 524-17,전북특별자치도 정읍시 수성동,16490.0,,,0.03,,전북특별자치도,-0.10834708208476178,,,-0.2582700483236114,,inf
근린생활시설,전북특별자치도 전주시 덕진구 송천동2가 527,전북특별자치도 전주시 덕진구 송천1동,63864.0,,,0.01,,전북특별자치도,2.8024131916384434,,,-0.9626429073880055,,inf
근린생활시설,전북특별자치도 전주시 완산구 효자동1가 411-24,전북특별자치도 전주시 완산구 효자3동,14006.0,,,0.02,,전북특별자치도,-0.26096937532426956,,,-0.6104564778558085,,inf
근린생활시설,전북특별자치도 군산시 중앙로1가 12-2,전북특별자치도 군산시 월명동,4490.0,,,0.06,,전북특별자치도,-0.8456528465268284,,,0.79828924027298,,inf
근린생활시설,제주특별자치도 제주시 건입동 940-15,제주특별자치도 제주시 건입동,9010.0,,,0.02,,제주특별자치도,-1.9532726323646612,,,-1.477097891751995,,inf
근린생활시설,제주특별자치도 제주시 이도이동 1991-9,제주특별자치도 제주시 이도2동,48436.0,,,0.03,,제주특별자치도,1.3466822369654528,,,0.36927447293799603,,inf
근린생활시설,제주특별자치도 제주시 연동 2325-7,제주특별자치도 제주시 연동,43976.0,,,0.03,,제주특별자치도,0.9733803874952476,,,0.36927447293799603,,inf
근린생활시설,제주특별자치도 제주시 조천읍 함덕리 270-1,제주특별자치도 제주시 조천읍,24995.0,,,0.03,,제주특별자치도,-0.6153286718755964,,,0.36927447293799603,,inf
근린생활시설,제주특별자치도 제주시 조천읍 신촌리 1615-2,제주특별자치도 제주시 조천읍,24995.0,,,0.03,,제주특별자치도,-0.6153286718755964,,,0.36927447293799603,,inf
근린생활시설,충남 천안시 동남구 구룡동 564-27,충청남도 천안시 동남구 청룡동,58598.0,,,0.02,,충청북도,1.6508203771110068,,,-0.3922322702763682,,inf
근린생활시설,충남 천안시 서북구 성정동 695-1,충청남도 천안시 서북구 성정1동,18124.0,,,0.02,,충청북도,-0.5236897848721248,,,-0.3922322702763682,,inf
근린생활시설,충남 천안시 동남구 원성동 442-1,충청남도 천안시 동남구 원성1동,8377.0,,,0.03,,충청북도,-1.0473580793043427,,,0.19611613513818388,,inf
근린생활시설,충남 천안시 서북구 쌍용동 997,충청남도 천안시 서북구 쌍용1동,13139.0,,,0.03,,충청북도,-0.7915143922122917,,,0.19611613513818388,,inf
근린생활시설,충남 서산시 예천동 696-7,충청남도 서산시 석남동,34694.0,,,0.02,,충청북도,0.3665516882726222,,,-0.3922322702763682,,inf
근린생활시설,충북 청주시 상당구 용암동 764,충청북도 청주시 상당구 용암1동,56962.0,,,0.02,,충청북도,1.5629244778916462,,,-0.3922322702763682,,inf
근린생활시설,충북 청주시 서원구 현도면 선동리 284-7,충청북도 청주시 서원구 현도면,3427.0,,,0.05,,충청북도,-1.3133022731526527,,,1.3728129459672884,,inf
근린생활시설,충북 청주시 흥덕구 봉명동 1405,충청북도 청주시 흥덕구 봉명2·송정동,24433.0,,,0.03,,충청북도,-0.18473182144000602,,,0.19611613513818388,,inf
근린생활시설,충북 제천시 중앙로2가 68-3,충청북도 제천시 중앙동,5353.0,,,0.1,,충청북도,-1.2098258050007649,,,4.314554973040049,,inf
근린생활시설,충북 청주시 서원구 죽림동 143-1,충청북도 청주시 서원구 성화·개신·죽림동,47463.0,,,0.01,,충청북도,1.0525802562017275,,,-0.9805806756909204,,inf
공동주택,강원특별자치도 강릉시 교동 140-16,강원특별자치도 강릉시 교2동,7268.0,,,0.03,,강원특별자치도,-0.9110271239167393,,,-0.19991841729213894,,inf
공동주택,강원특별자치도 춘천시 퇴계동 369-9,강원특별자치도 춘천시 퇴계동,46293.0,,,0.02,,강원특별자치도,1.6553838572945447,,,-0.6283150257752937,,inf
공동주택,강원특별자치도 양양군 서면 논화리 165,강원특별자치도 양양군 서면,2477.0,,,0.04,,강원특별자치도,-1.2260988730771047,,,0.22847819119101603,,inf
공동주택,강원특별자치도 홍천군 홍천읍 연봉리 457-1,강원특별자치도 홍천군 홍천읍,32605.0,,,0.03,,강원특별자치도,0.7552164386956964,,,-0.19991841729213894,,inf
공동주택,강원특별자치도 강릉시 교동 972-2,강원특별자치도 강릉시 교1동,25038.0,,,0.02,,강원특별자치도,0.2575858968680017,,,-0.6283150257752937,,inf
공동주택,경기 부천시 오정구 오정동 546-6,경기도 부천시 오정구 오정동,19518.0,,,0.02,,경기도,-0.724092871384339,,,-0.09805806756909194,,inf
공동주택,경기 용인시 기흥구 신갈동 57-27,경기도 용인시 기흥구 신갈동,37250.0,,,0.01,,경기도,0.6990311638091589,,,-1.5689290811054724,,inf
공동주택,경기 수원시 영통구 원천동 605,경기도 수원시 영통구 원천동,49289.0,,,0.02,,경기도,1.6652498791088723,,,-0.09805806756909194,,inf
공동주택,경기 부천시 소사구 심곡본동 629-29,경기도 부천시 소사구 심곡본1동,18484.0,,,0.02,,경기도,-0.8070790123943816,,,-0.09805806756909194,,inf
공동주택,경기 양주시 덕계동 588-14,경기도 양주시 회천2동,34223.0,,,0.01,,경기도,0.45609204501090045,,,-1.5689290811054724,,inf
공동주택,경남 진주시 충무공동 78-2,경상남도 진주시 충무공동,32946.0,,,0.02,,경상북도,0.10502650950657991,,,-0.6741998624632425,,inf
공동주택,경남 창원시 진해구 용원동 1347-1,경상남도 창원시 진해구 웅동2동,45382.0,,,0.02,,경상북도,0.715443704545056,,,-0.6741998624632425,,inf
공동주택,경남 창원시 진해구 용원동 1347,경상남도 창원시 진해구 웅동2동,45382.0,,,0.02,,경상북도,0.715443704545056,,,-0.6741998624632425,,inf
공동주택,경남 통영시 도남동 510-2,경상남도 통영시 봉평동,9363.0,,,0.02,,경상북도,-1.052537716176307,,,-0.6741998624632425,,inf
공동주택,경남 진주시 칠암동 507-10,경상남도 진주시 천전동,28921.0,,,0.02,,경상북도,-0.09253936457108705,,,-0.6741998624632425,,inf
공동주택,경북 김천시 율곡동 798,경상북도 김천시 율곡동,22628.0,,,0.02,,경상북도,-0.4014293137812133,,,-0.6741998624632425,,inf
공동주택,경북 경산시 사정동 3-16,경상북도 경산시 서부1동,33419.0,,,0.02,,경상북도,0.12824356750378152,,,-0.6741998624632425,,inf
공동주택,경북 경주시 황오동 43,경상북도 경주시 황오동,5937.0,,,0.06,,경상북도,-1.2207018614160803,,,2.022599587389726,,inf
공동주택,경북 경주시 황성동 1067-10,경상북도 경주시 황성동,26785.0,,,0.02,,경상북도,-0.1973842607275831,,,-0.6741998624632425,,inf
공동주택,경북 포항시 남구 연일읍 생지리 188,경상북도 포항시 남구 연일읍,28659.0,,,0.02,,경상북도,-0.10539955314458985,,,-0.6741998624632425,,inf
공동주택,광주 북구 중흥동 599-28,광주광역시 북구 중흥동,15147.0,,,0.02,,광주광역시,-0.19100171564290305,,,-0.4823671355892898,,inf
공동주택,광주 남구 방림동 447-15,광주광역시 남구 방림1동,6678.0,,,0.01,,광주광역시,-0.6699008382635202,,,-0.6727752154271672,,inf
공동주택,광주 광산구 수완동 189,광주광역시 광산구 비아동,7778.0,,,0.08,,광주광역시,-0.6076988032082977,,,0.6600813434379754,,inf
공동주택,광주 광산구 쌍암동 694-106,광주광역시 광산구 첨단2동,43941.0,,,0.02,,광주광역시,1.4372213728844379,,,-0.4823671355892898,,inf
공동주택,광주 서구 화정동 70-60,광주광역시 서구 화정1동,15641.0,,,0.02,,광주광역시,-0.16306734717264862,,,-0.4823671355892898,,inf
공동주택,대구 수성구 만촌동 386-7,대구광역시 수성구 만촌1동,20922.0,,,0.02,,대구광역시,0.8046392988446373,,,-0.6043738973855274,,inf
공동주택,대구 중구 남산동 934-7,대구광역시 중구 남산2동,7099.0,,,0.03,,대구광역시,-0.9224793609648984,,,-0.4604753503889733,,inf
공동주택,대구 서구 비산동 227-1,대구광역시 서구 비산4동,8910.0,,,0.02,,대구광역시,-0.6962034517617537,,,-0.6043738973855274,,inf
공동주택,대구 달성군 가창면 우록리 10,대구광역시 달성군 가창면,7288.0,,,0.02,,대구광역시,-0.8988647023015112,,,-0.6043738973855274,,inf
공동주택,대구 수성구 범어동 45-5,대구광역시 수성구 범어2동,14227.0,,,0.03,,대구광역시,-0.03186937708857848,,,-0.4604753503889733,,inf
공동주택,대전 동구 낭월동 190-1,대전광역시 동구 산내동,19742.0,,,0.02,,대전광역시,0.09395481482860323,,,-0.7970811413304555,,inf
공동주택,대전 서구 만년동 306,대전광역시 서구 만년동,12178.0,,,0.03,,대전광역시,-0.8422103990515495,,,0.12262786789699306,,inf
공동주택,대전 서구 둔산동 939,대전광역시 서구 둔산2동,33962.0,,,0.03,,대전광역시,1.8539058118375629,,,0.12262786789699306,,inf
공동주택,대전 서구 변동 252-77,대전광역시 서구 변동,14062.0,,,0.03,,대전광역시,-0.6090354568317969,,,0.12262786789699306,,inf
공동주택,대전 서구 둔산동 928,대전광역시 서구 둔산2동,33962.0,,,0.03,,대전광역시,1.8539058118375629,,,0.12262786789699306,,inf
공동주택,부산 북구 구포동 1216-4,부산광역시 북구 구포3동,19679.0,,,0.01,,부산광역시,-0.4293147478039079,,,-0.7038153430777868,,inf
공동주택,부산 해운대구 우동 760-3,부산광역시 해운대구 우1동,21937.0,,,0.03,,부산광역시,-0.16851966730820583,,,-0.17595383576944676,,inf
공동주택,부산 부산진구 부전동 474-80,부산광역시 부산진구 부전1동,15192.0,,,0.08,,부산광역시,-0.947555459134384,,,1.1436999325014037,,inf
공동주택,부산 남구 대연동 760-8,부산광역시 남구 대연4동,12743.0,,,0.01,,부산광역시,-1.2304107080865427,,,-0.7038153430777868,,inf
공동주택,부산 수영구 민락동 181-88,부산광역시 수영구 민락동,27041.0,,,0.02,,부산광역시,0.4209834730151171,,,-0.4398845894236168,,inf
공동주택,서울 동작구 상도동 302-44,서울특별시 동작구 상도3동,23835.0,,,0.01,,서울특별시,0.026636555890294566,,,-0.9592347424006524,,inf
공동주택,서울 중랑구 상봉동 100,서울특별시 중랑구 상봉1동,22784.0,,,0.02,,서울특별시,-0.1012237786184951,,,-0.4630788411589358,,inf
공동주택,서울 강남구 역삼동 719-24,서울특별시 강남구 역삼2동,34689.0,,,0.03,,서울특별시,1.347089525213228,,,0.03307706008278092,,inf
공동주택,서울 마포구 서교동 494,서울특별시 마포구 서교동,25611.0,,,0.1,,서울특별시,0.2426974065921123,,,3.5061683687747984,,inf
공동주택,서울 양천구 목동 917-9,서울특별시 양천구 목1동,28848.0,,,0.03,,서울특별시,0.6364975044084321,,,0.03307706008278092,,inf
공동주택,울산 중구 동동 471-1,울산광역시 중구 병영2동,19514.0,,,0.01,,울산광역시,-0.9681545514337924,,,-1.0564428184106458,,inf
공동주택,울산 남구 삼산동 1612-2,울산광역시 남구 삼산동,47809.0,,,0.05,,울산광역시,1.5200013560195358,,,1.4790199457749038,,inf
공동주택,울산 중구 동동 471-9,울산광역시 중구 병영2동,19514.0,,,0.01,,울산광역시,-0.9681545514337924,,,-1.0564428184106458,,inf
공동주택,울산 중구 성안동 393-2,울산광역시 중구 성안동,20264.0,,,0.02,,울산광역시,-0.9022023715225007,,,-0.4225771273642583,,inf
공동주택,울산 중구 남외동 325-7,울산광역시 중구 병영1동,20501.0,,,0.02,,울산광역시,-0.8813614826705326,,,-0.4225771273642583,,inf
공동주택,인천 미추홀구 주안동 422-45,인천광역시 미추홀구 주안4동,17551.0,,,0.02,,인천광역시,-0.8890206734678933,,,-0.9415429185569096,,inf
공동주택,인천 연수구 송도동 30-6,인천광역시 연수구 송도4동,29428.0,,,0.02,,인천광역시,0.2427830272993877,,,-0.9415429185569096,,inf
공동주택,인천 미추홀구 주안동 57-18,인천광역시 미추홀구 주안6동,21792.0,,,0.02,,인천광역시,-0.4848799397006087,,,-0.9415429185569096,,inf
공동주택,인천 서구 왕길동 661-15,인천광역시 서구 오류왕길동,26690.0,,,0.04,,인천광역시,-0.018131221475624123,,,0.7200034083082244,,inf
공동주택,인천 계양구 계산동 1062,인천광역시 계양구 계산4동,22408.0,,,0.04,,인천광역시,-0.4261789984130239,,,0.7200034083082244,,inf
공동주택,전남 장성군 장성읍 영천리 973-18,전라남도 장성군 장성읍,12715.0,,,0.03,,전라북도,-0.5466816157592412,,,0.3692744729379979,,inf
공동주택,전남 무안군 삼향읍 남악리 1476,전라남도 무안군 삼향읍,38936.0,,,0.02,,전라북도,0.8442469269441469,,,-0.5539117094069975,,inf
공동주택,전남 장성군 북이면 사거리 685-9,전라남도 장성군 북이면,2561.0,,,0.03,,전라북도,-1.0853143308582156,,,0.3692744729379979,,inf
공동주택,전남 강진군 성전면 월평리 430-18,전라남도 강진군 성전면,2578.0,,,0.04,,전라북도,-1.0844125427789677,,,1.2924606552829938,,inf
공동주택,전남 나주시 빛가람동 334,전라남도 나주시 빛가람동,38238.0,,,0.02,,전라북도,0.8072205693373827,,,-0.5539117094069975,,inf
공동주택,전북특별자치도 부안군 부안읍 봉덕리 570-21,전북특별자치도 부안군 부안읍,19891.0,,,0.03,,전북특별자치도,0.10061765998752727,,,-0.2582700483236114,,inf
공동주택,전북특별자치도 남원시 동충동 412-1,전북특별자치도 남원시 동충동,2983.0,,,0.03,,전북특별자치도,-0.9382461621113446,,,-0.2582700483236114,,inf
공동주택,전북특별자치도 전주시 덕진구 덕진동1가 1279-15,전북특별자치도 전주시 덕진구 덕진동,25042.0,,,0.02,,전북특별자치도,0.41710615937428436,,,-0.6104564778558085,,inf
공동주택,전북특별자치도 전주시 완산구 효자동3가 1544-3,전북특별자치도 전주시 완산구 효자5동,36380.0,,,0.03,,전북특별자치도,1.1137372224779636,,,-0.2582700483236114,,inf
공동주택,전북특별자치도 익산시 신동 735-21,전북특별자치도 익산시 신동,23893.0,,,0.02,,전북특별자치도,0.3465091324289565,,,-0.6104564778558085,,inf
공동주택,제주특별자치도 제주시 연동 261-23,제주특별자치도 제주시 연동,43976.0,,,0.03,,제주특별자치도,0.9733803874952476,,,0.36927447293799603,,inf
공동주택,제주특별자치도 제주시 한림읍 한림리 1526-7,제주특별자치도 제주시 한림읍,22389.0,,,0.04,,제주특별자치도,-0.8334507839202947,,,2.2156468376279874,,inf
공동주택,제주특별자치도 제주시 애월읍 광령리 43,제주특별자치도 제주시 애월읍,37245.0,,,0.03,,제주특별자치도,0.409995914673734,,,0.36927447293799603,,inf
공동주택,제주특별자치도 제주시 연동 263-2,제주특별자치도 제주시 연동,43976.0,,,0.03,,제주특별자치도,0.9733803874952476,,,0.36927447293799603,,inf
공동주택,제주특별자치도 제주시 연동 565,제주특별자치도 제주시 연동,43976.0,,,0.03,,제주특별자치도,0.9733803874952476,,,0.36927447293799603,,inf
공동주택,충남 천안시 서북구 성거읍 천흥리 494-9,충청남도 천안시 서북구 성거읍,21806.0,,,0.02,,충청북도,-0.32587028552879604,,,-0.3922322702763682,,inf
공동주택,충남 천안시 서북구 불당동 1483,충청남도 천안시 서북구 불당2동,36091.0,,,0.02,,충청북도,0.44160704964758973,,,-0.3922322702763682,,inf
공동주택,충남 아산시 탕정면 용두리 730,충청남도 아산시 탕정면,47364.0,,,0.01,,충청북도,1.0472613723247612,,,-0.9805806756909204,,inf
공동주택,충남 당진시 신평면 도성리 209-2,충청남도 당진시 신평면,15418.0,,,0.03,,충청북도,-0.6690726108425343,,,0.19611613513818388,,inf
공동주택,충남 아산시 배방읍 장재리 1352-17,충청남도 아산시 배방읍,86956.0,,,0.01,,충청북도,3.1743851143131034,,,-0.9805806756909204,,inf
공동주택,충북 음성군 생극면 신양리 623-1,충청북도 음성군 생극면,5337.0,,,0.03,,충청북도,-1.2106854225970423,,,0.19611613513818388,,inf
공동주택,충북 충주시 대소원면 검단리 350-121,충청북도 충주시 대소원면,12817.0,,,0.02,,충청북도,-0.8088141963373736,,,-0.3922322702763682,,inf
공동주택,충북 청주시 흥덕구 오송읍 쌍청리 108-37,충청북도 청주시 흥덕구 오송읍,31129.0,,,0.02,,충청북도,0.17501814260207163,,,-0.3922322702763682,,inf
공동주택,충북 음성군 맹동면 두성리 1463,충청북도 음성군 맹동면,13860.0,,,0.03,,충청북도,-0.7527778742800428,,,0.19611613513818388,,inf
공동주택,충북 청주시 흥덕구 오송읍 만수리 863,충청북도 청주시 흥덕구 오송읍,31129.0,,,0.02,,충청북도,0.17501814260207163,,,-0.3922322702763682,,inf
자동차관련시설,강원특별자치도 원주시 판부면 서곡리 517,강원특별자치도 원주시 판부면,7096.0,,,0.05,,강원특별자치도,-0.9223384035776834,,,0.6568747996741711,,inf
자동차관련시설,강원특별자치도 원주시 호저면 만종리 324-4,강원특별자치도 원주시 호저면,3346.0,,,0.06,,강원특별자치도,-1.1689506054878003,,,1.0852714081573256,,inf
자동차관련시설,강원특별자치도 원주시 무실동 643-7,강원특별자치도 원주시 무실동,34464.0,,,0.02,,강원특별자치도,0.8774703275892718,,,-0.6283150257752937,,inf
자동차관련시설,강원특별자치도 춘천시 동면 장학리 786-80,강원특별자치도 춘천시 동면,19631.0,,,0.03,,강원특별자치도,-0.09799601665946563,,,-0.19991841729213894,,inf
자동차관련시설,강원특별자치도 원주시 행구동 1775-3,강원특별자치도 원주시 행구동,8605.0,,,0.02,,강원특별자치도,-0.8231016535290523,,,-0.6283150257752937,,inf
자동차관련시설,경기 화성시 장지동 812,경기도 화성시 동탄8동,32862.0,,,0.01,,경기도,0.3468617375499061,,,-1.5689290811054724,,inf
자동차관련시설,경기 화성시 오산동 458-1,경기도 화성시 동탄6동,42448.0,,,0.02,,경기도,1.1162090757726035,,,-0.09805806756909194,,inf
자동차관련시설,경기 화성시 기산동 23-1,경기도 화성시 진안동,51009.0,,,0.02,,경기도,1.8032925894930825,,,-0.09805806756909194,,inf
자동차관련시설,경기 수원시 영통구 매탄동 405-1,경기도 수원시 영통구 매탄3동,34738.0,,,0.02,,경기도,0.49742460073640526,,,-0.09805806756909194,,inf
자동차관련시설,경기 수원시 영통구 신동 532-3,경기도 수원시 영통구 영통2동,25353.0,,,0.03,,경기도,-0.2557910021448815,,,1.3728129459672882,,inf
자동차관련시설,경남 창원시 성산구 대원동 78,경상남도 창원시 성산구 중앙동,36021.0,,,0.04,,경상북도,0.2559619288329963,,,0.6741998624632417,,inf
자동차관련시설,경남 양산시 어곡동 440,경상남도 양산시 강서동,9471.0,,,0.04,,경상북도,-1.047236569741428,,,0.6741998624632417,,inf
자동차관련시설,경남 진주시 상대동 33-121,경상남도 진주시 상대동,19071.0,,,0.04,,경상북도,-0.5760235533077379,,,0.6741998624632417,,inf
자동차관련시설,경남 진주시 상평동 167-2,경상남도 진주시 상평동,11658.0,,,0.05,,경상북도,-0.939888354435128,,,1.3483997249264839,,inf
자동차관련시설,경남 김해시 주촌면 내삼리 744-8,경상남도 김해시 주촌면,21119.0,,,0.04,,경상북도,-0.475498109801884,,,0.6741998624632417,,inf
자동차관련시설,경북 포항시 북구 흥해읍 남송리 647,경상북도 포항시 북구 흥해읍,43013.0,,,0.02,,경상북도,0.5991620758022006,,,-0.6741998624632425,,inf
자동차관련시설,경북 포항시 남구 오천읍 문덕리 880-5,경상북도 포항시 남구 오천읍,56958.0,,,0.02,,경상북도,1.2836480668613475,,,-0.6741998624632425,,inf
자동차관련시설,경북 포항시 남구 연일읍 오천리 163-1,경상북도 포항시 남구 연일읍,28659.0,,,0.02,,경상북도,-0.10539955314458985,,,-0.6741998624632425,,inf
자동차관련시설,경북 안동시 풍산읍 괴정리 42-1,경상북도 안동시 풍산읍,6089.0,,,0.05,,경상북도,-1.2132409886558801,,,1.3483997249264839,,inf
자동차관련시설,경북 경산시 진량읍 문천리 519-17,경상북도 경산시 진량읍,44028.0,,,0.02,,경상북도,0.648983035352221,,,-0.6741998624632425,,inf
자동차관련시설,광주 남구 송하동 260-1,광주광역시 남구 송암동,22328.0,,,0.02,,광주광역시,0.21506447865850817,,,-0.4823671355892898,,inf
자동차관련시설,광주 광산구 송촌동 66,광주광역시 광산구 평동,7242.0,,,0.07,,광주광역시,-0.6380081584715698,,,0.4696732636000979,,inf
자동차관련시설,광주 광산구 도천동 380-15,광주광역시 광산구 비아동,7778.0,,,0.08,,광주광역시,-0.6076988032082977,,,0.6600813434379754,,inf
자동차관련시설,광주 서구 화정동 180-1,광주광역시 서구 화정1동,15641.0,,,0.02,,광주광역시,-0.16306734717264862,,,-0.4823671355892898,,inf
자동차관련시설,광주 서구 세하동 171-34,광주광역시 서구 서창동,6034.0,,,0.22,,광주광역시,-0.7063173024231231,,,3.3257944611682606,,inf
자동차관련시설,대구 북구 노원동3가 609,대구광역시 북구 노원동,10688.0,,,0.14,,대구광역시,-0.47405073692840677,,,1.1224086665731223,,inf
자동차관련시설,대구 동구 용계동 1033,대구광역시 동구 안심2동,13270.0,,,0.02,,대구광역시,-0.15144201381271402,,,-0.6043738973855274,,inf
자동차관련시설,대구 달서구 장동 829,대구광역시 달서구 장기동,16567.0,,,0.03,,대구광역시,0.26050258731526393,,,-0.4604753503889733,,inf
자동차관련시설,대구 서구 중리동 1165-10,대구광역시 서구 상중이동,19219.0,,,0.06,,대구광역시,0.5918574803062853,,,-0.02877970939931095,,inf
자동차관련시설,대구 수성구 신매동 83-1,대구광역시 수성구 고산1동,30589.0,,,0.01,,대구광역시,2.0124853586275195,,,-0.7482724443820815,,inf
자동차관련시설,대전 동구 대성동 276-14,대전광역시 동구 산내동,19742.0,,,0.02,,대전광역시,0.09395481482860323,,,-0.7970811413304555,,inf
자동차관련시설,대전 서구 탄방동 1483-8,대전광역시 서구 탄방동,26546.0,,,0.03,,대전광역시,0.936057950106308,,,0.12262786789699306,,inf
자동차관련시설,대전 대덕구 상서동 292,대전광역시 대덕구 덕암동,13275.0,,,0.03,,대전광역시,-0.7064392145424898,,,0.12262786789699306,,inf
자동차관련시설,대전 중구 산성동 142-1,대전광역시 중구 산성동,25634.0,,,0.03,,대전광역시,0.8231834557833705,,,0.12262786789699306,,inf
자동차관련시설,대전 서구 탄방동 518-2,대전광역시 서구 탄방동,26546.0,,,0.03,,대전광역시,0.936057950106308,,,0.12262786789699306,,inf
자동차관련시설,부산 부산진구 가야동 256-9,부산광역시 부산진구 가야1동,20267.0,,,0.01,,부산광역시,-0.361401768471989,,,-0.7038153430777868,,inf
자동차관련시설,부산 연제구 거제동 23-6,부산광역시 연제구 거제1동,27662.0,,,0.02,,부산광역시,0.4927078950646437,,,-0.4398845894236168,,inf
자동차관련시설,부산 연제구 거제동 1470-2,부산광역시 연제구 거제1동,27662.0,,,0.02,,부산광역시,0.4927078950646437,,,-0.4398845894236168,,inf
자동차관련시설,부산 강서구 화전동 589-2,부산광역시 강서구 녹산동,39671.0,,,0.05,,부산광역시,1.8797265494813336,,,0.3519076715388935,,inf
자동차관련시설,부산 해운대구 재송동 561-2,부산광역시 해운대구 재송1동,35710.0,,,0.03,,부산광역시,1.4222379251042407,,,-0.17595383576944676,,inf
자동차관련시설,서울 영등포구 양평동6가 1,서울특별시 영등포구 양평2동,22117.0,,,0.03,,서울특별시,-0.18236825351608094,,,0.03307706008278092,,inf
자동차관련시설,서울 동작구 노량진동 20,서울특별시 동작구 노량진2동,11068.0,,,0.03,,서울특별시,-1.526544120297829,,,0.03307706008278092,,inf
자동차관련시설,서울 도봉구 방학동 708-2,서울특별시 도봉구 방학1동,27134.0,,,0.02,,서울특별시,0.42797931853967336,,,-0.4630788411589358,,inf
자동차관련시설,서울 강서구 외발산동 233,서울특별시 강서구 발산1동,34799.0,,,0.04,,서울특별시,1.3604716724976875,,,0.5292329613244977,,inf
자동차관련시설,서울 마포구 성산동 590-3,서울특별시 마포구 성산2동,37637.0,,,0.02,,서울특별시,1.7057310724367407,,,-0.4630788411589358,,inf
자동차관련시설,울산 울주군 삼남읍 상천리 419-20,울산광역시 울주군 삼남읍,22317.0,,,0.02,,울산광역시,-0.7216692710453252,,,-0.4225771273642583,,inf
자동차관련시설,울산 북구 신천동 544-6,울산광역시 북구 농소2동,42437.0,,,0.01,,울산광역시,1.0476078753749243,,,-1.0564428184106458,,inf
자동차관련시설,울산 북구 진장동 197,울산광역시 북구 효문동,29237.0,,,0.04,,울산광역시,-0.11315049106380796,,,0.8451542547285164,,inf
자동차관련시설,울산 북구 효문동 815-7,울산광역시 북구 효문동,29237.0,,,0.04,,울산광역시,-0.11315049106380796,,,0.8451542547285164,,inf
자동차관련시설,울산 북구 신천동 797,울산광역시 북구 농소2동,42437.0,,,0.01,,울산광역시,1.0476078753749243,,,-1.0564428184106458,,inf
자동차관련시설,인천 미추홀구 도화동 378-15,인천광역시 미추홀구 도화1동,21608.0,,,0.02,,인천광역시,-0.5024139870981991,,,-0.9415429185569096,,inf
자동차관련시설,인천 남동구 고잔동 257-48,인천광역시 남동구 논현고잔동,44096.0,,,0.04,,인천광역시,1.6405515448420733,,,0.7200034083082244,,inf
자동차관련시설,인천 서구 왕길동 420-2,인천광역시 서구 오류왕길동,26690.0,,,0.04,,인천광역시,-0.018131221475624123,,,0.7200034083082244,,inf
자동차관련시설,인천 남동구 고잔동 306-2,인천광역시 남동구 논현고잔동,44096.0,,,0.04,,인천광역시,1.6405515448420733,,,0.7200034083082244,,inf
자동차관련시설,인천 중구 신흥동3가 60-24,인천광역시 중구 신흥동,14505.0,,,0.03,,인천광역시,-1.1792853928866975,,,-0.11076975512434276,,inf
자동차관련시설,전남 나주시 금천면 원곡리 257,전라남도 나주시 금천면,6608.0,,,0.01,,전라북도,-0.8706357216396269,,,-1.477097891751993,,inf
자동차관련시설,전남 목포시 옥암동 1381-2,전라남도 목포시 부주동,22116.0,,,0.01,,전라북도,-0.04799280793518602,,,-1.477097891751993,,inf
자동차관련시설,전남 순천시 조례동 7,전라남도 순천시 왕조1동,37680.0,,,0.02,,전라북도,0.7776207017950125,,,-0.5539117094069975,,inf
자동차관련시설,전남 나주시 산포면 등정리 191,전라남도 나주시 산포면,2762.0,,,0.04,,전라북도,-1.0746520129800499,,,1.2924606552829938,,inf
자동차관련시설,전남 목포시 옥암동 914-9,전라남도 목포시 옥암동,10816.0,,,0.03,,전라북도,-0.6474166488469852,,,0.3692744729379979,,inf
자동차관련시설,전북특별자치도 군산시 미룡동 587,전북특별자치도 군산시 나운3동,33686.0,,,0.01,,전북특별자치도,0.9482120783607196,,,-0.9626429073880055,,inf
자동차관련시설,전북특별자치도 정읍시 공평동 328,전북특별자치도 정읍시 농소동,3714.0,,,0.05,,전북특별자치도,-0.8933319526274154,,,0.446102810740783,,inf
자동차관련시설,전북특별자치도 익산시 용제동 52,전북특별자치도 익산시 팔봉동,6802.0,,,0.05,,전북특별자치도,-0.7035986025776568,,,0.446102810740783,,inf
자동차관련시설,전북특별자치도 군산시 개정면 아동리 699-7,전북특별자치도 군산시 개정면,2609.0,,,0.04,,전북특별자치도,-0.9612255251031223,,,0.09391638120858582,,inf
자동차관련시설,전북특별자치도 전주시 덕진구 만성동 362,전북특별자치도 전주시 덕진구 여의동,16206.0,,,0.03,,전북특별자치도,-0.12579665184322403,,,-0.2582700483236114,,inf
자동차관련시설,제주특별자치도 제주시 화북일동 2133-1,제주특별자치도 제주시 화북동,23355.0,,,0.02,,제주특별자치도,-0.7525966165238331,,,-1.477097891751995,,inf
자동차관련시설,제주특별자치도 제주시 오라삼동 2811-4,제주특별자치도 제주시 오라동,15735.0,,,0.03,,제주특별자치도,-1.390390359340641,,,0.36927447293799603,,inf
자동차관련시설,제주특별자치도 제주시 화북일동 2131-3,제주특별자치도 제주시 화북동,23355.0,,,0.02,,제주특별자치도,-0.7525966165238331,,,-1.477097891751995,,inf
자동차관련시설,제주특별자치도 제주시 아라이동 1622-3,제주특별자치도 제주시 아라동,42535.0,,,0.02,,제주특별자치도,0.8527687361305468,,,-1.477097891751995,,inf
자동차관련시설,제주특별자치도 제주시 애월읍 고성리 155,제주특별자치도 제주시 애월읍,37245.0,,,0.03,,제주특별자치도,0.409995914673734,,,0.36927447293799603,,inf
자동차관련시설,충남 공주시 신관동 160-6,충청남도 공주시 신관동,23096.0,,,0.03,,충청북도,-0.2565636168289334,,,0.19611613513818388,,inf
자동차관련시설,충남 천안시 동남구 용곡동 133-1,충청남도 천안시 동남구 신방동,43783.0,,,0.02,,충청북도,0.8548682090579334,,,-0.3922322702763682,,inf
자동차관련시설,충남 천안시 서북구 쌍용동 878,충청남도 천안시 서북구 쌍용1동,13139.0,,,0.03,,충청북도,-0.7915143922122917,,,0.19611613513818388,,inf
자동차관련시설,충남 아산시 탕정면 동산리 128,충청남도 아산시 탕정면,47364.0,,,0.01,,충청북도,1.0472613723247612,,,-0.9805806756909204,,inf
자동차관련시설,충남 아산시 실옥동 92,충청남도 아산시 온양4동,19312.0,,,0.01,,충청북도,-0.45986317834853047,,,-0.9805806756909204,,inf
자동차관련시설,충북 청주시 흥덕구 강서동 172-1,충청북도 청주시 흥덕구 강서1동,30676.0,,,0.02,,충청북도,0.1506802194074687,,,-0.3922322702763682,,inf
자동차관련시설,충북 충주시 금릉동 214-20,충청북도 충주시 칠금·금릉동,13824.0,,,0.05,,충청북도,-0.754712013871667,,,1.3728129459672884,,inf
자동차관련시설,충북 청주시 청원구 오동동 6-1,충청북도 청주시 청원구 오근장동,17362.0,,,0.04,,충청북도,-0.5646290728948344,,,0.7844645405527362,,inf
자동차관련시설,충북 청주시 흥덕구 비하동 321-2,충청북도 청주시 흥덕구 강서1동,30676.0,,,0.02,,충청북도,0.1506802194074687,,,-0.3922322702763682,,inf
자동차관련시설,충북 청주시 흥덕구 봉명동 365-1,충청북도 청주시 흥덕구 봉명2·송정동,24433.0,,,0.03,,충청북도,-0.18473182144000602,,,0.19611613513818388,,inf
업무시설,서울특별시,,,,,,,,,,,,,inf
업무시설,서울특별시,,,,,,,,,,,,,inf
업무시설,서울특별시,,,,,,,,,,,,,inf
업무시설,서울특별시,,,,,,,,,,,,,inf
업무시설,서울특별시,,,,,,,,,,,,,inf
업무시설,경기,,,,,,,,,,,,,inf
업무시설,경기,,,,,,,,,,,,,inf
업무시설,경기,,,,,,,,,,,,,inf
업무시설,경기,,,,,,,,,,,,,inf
업무시설,경기,,,,,,,,,,,,,inf
업무시설,인천,,,,,,,,,,,,,inf
업무시설,인천,,,,,,,,,,,,,inf
업무시설,인천,,,,,,,,,,,,,inf
업무시설,인천,,,,,,,,,,,,,inf
업무시설,인천,,,,,,,,,,,,,inf
업무시설,강원,,,,,,,,,,,,,inf
업무시설,강원,,,,,,,,,,,,,inf
업무시설,강원,,,,,,,,,,,,,inf
업무시설,강원,,,,,,,,,,,,,inf
업무시설,강원,,,,,,,,,,,,,inf
업무시설,충청북도,,,,,,,,,,,,,inf
업무시설,충청북도,,,,,,,,,,,,,inf
업무시설,충청북도,,,,,,,,,,,,,inf
업무시설,충청북도,,,,,,,,,,,,,inf
업무시설,충청북도,,,,,,,,,,,,,inf
업무시설,충청남도,,,,,,,,,,,,,inf
업무시설,충청남도,,,,,,,,,,,,,inf
업무시설,충청남도,,,,,,,,,,,,,inf
업무시설,충청남도,,,,,,,,,,,,,inf
업무시설,충청남도,,,,,,,,,,,,,inf
업무시설,대전,,,,,,,,,,,,,inf
업무시설,대전,,,,,,,,,,,,,inf
업무시설,대전,,,,,,,,,,,,,inf
업무시설,대전,,,,,,,,,,,,,inf
업무시설,대전,,,,,,,,,,,,,inf
업무시설,경상북도,,,,,,,,,,,,,inf
업무시설,경상북도,,,,,,,,,,,,,inf
업무시설,경상북도,,,,,,,,,,,,,inf
업무시설,경상북도,,,,,,,,,,,,,inf
업무시설,경상북도,,,,,,,,,,,,,inf
업무시설,경상남도,,,,,,,,,,,,,inf
업무시설,경상남도,,,,,,,,,,,,,inf
업무시설,경상남도,,,,,,,,,,,,,inf
업무시설,경상남도,,,,,,,,,,,,,inf
업무시설,경상남도,,,,,,,,,,,,,inf
업무시설,대구,,,,,,,,,,,,,inf
업무시설,대구,,,,,,,,,,,,,inf
업무시설,대구,,,,,,,,,,,,,inf
업무시설,대구,,,,,,,,,,,,,inf
업무시설,대구,,,,,,,,,,,,,inf
업무시설,울산,,,,,,,,,,,,,inf
업무시설,울산,,,,,,,,,,,,,inf
업무시설,울산,,,,,,,,,,,,,inf
업무시설,울산,,,,,,,,,,,,,inf
업무시설,울산,,,,,,,,,,,,,inf
업무시설,부산,,,,,,,,,,,,,inf
업무시설,부산,,,,,,,,,,,,,inf
업무시설,부산,,,,,,,,,,,,,inf
업무시설,부산,,,,,,,,,,,,,inf
업무시설,부산,,,,,,,,,,,,,inf
업무시설,전라북도,,,,,,,,,,,,,inf
업무시설,전라북도,,,,,,,,,,,,,inf
업무시설,전라북도,,,,,,,,,,,,,inf
업무시설,전라북도,,,,,,,,,,,,,inf
업무시설,전라북도,,,,,,,,,,,,,inf
업무시설,전라남도,,,,,,,,,,,,,inf
업무시설,전라남도,,,,,,,,,,,,,inf
업무시설,전라남도,,,,,,,,,,,,,inf
업무시설,전라남도,,,,,,,,,,,,,inf
업무시설,전라남도,,,,,,,,,,,,,inf
업무시설,광주,,,,,,,,,,,,,inf
업무시설,광주,,,,,,,,,,,,,inf
업무시설,광주,,,,,,,,,,,,,inf
업무시설,광주,,,,,,,,,,,,,inf
업무시설,광주,,,,,,,,,,,,,inf
업무시설,제주,,,,,,,,,,,,,inf
업무시설,제주,,,,,,,,,,,,,inf
업무시설,제주,,,,,,,,,,,,,inf
업무시설,제주,,,,,,,,,,,,,inf
업무시설,제주,,,,,,,,,,,,,inf
판매시설,서울특별시 서초구 방배동 937-1,서울특별시 서초구 방배1동,15568.0,,,,,서울특별시,-0.9790926404790339,,,,,inf
판매시설,서울특별시 성동구 성수동2가 322-13,서울특별시 성동구 성수동2가1동,14856.0,,,,,서울특별시,-1.0657116301748077,,,,,inf
판매시설,서울특별시 광진구 자양동 6-20,서울특별시 광진구 자양4동,24515.0,,,,,서울특별시,0.10936255728513469,,,,,inf
판매시설,서울특별시 영등포구 양평동4가 3-4,서울특별시 영등포구 양평2동,22117.0,,,,,서울특별시,-0.18236825351608094,,,,,inf
판매시설,서울특별시 강남구 신사동 534-18,서울특별시 강남구 신사동,14143.0,,,,,서울특별시,-1.1524522757549855,,,,,inf
판매시설,경기도 부천시 소사구 범박동 16-12,경기도 부천시 소사구 범박동,,,,,,경기도,,,,,,inf
판매시설,경기도 의정부시 용현동 277-5,경기도 의정부시 송산1동 ,,,,,,경기도,,,,,,inf
판매시설,경기도 고양시 일산서구 구산동 1477-3,경기도 고양시 일산서구 가좌동 ,,,,,,경기도,,,,,,inf
판매시설,경기도 용인시 처인구 포곡읍 마성리 12-3,경기도 용인시 처인구 포곡읍,,,,,,경기도,,,,,,inf
판매시설,경기도 파주시 탄현면 축현리 35-16,경기도 파주시 탄현면,,,,,,경기도,,,,,,inf
판매시설,인천광역시 중구 신흥동1가 34-87,인천광역시 중구 신흥동 ,,,,,,인천광역시,,,,,,inf
판매시설,인천 부평구 부개동 260-4,인천광역시 부평구 부개1동,,,,,,인천광역시,,,,,,inf
판매시설,인천광역시 서구 원창동 497,인천광역시 서구 신현원창동,,,,,,인천광역시,,,,,,inf
판매시설,인천광역시 서구 가좌동 564-73,인천광역시 서구 가좌1동,,,,,,인천광역시,,,,,,inf
판매시설,인천 남동구 고잔동 731,인천광역시 남동구 논현고잔동 ,,,,,,인천광역시,,,,,,inf
판매시설,강원특별자치도 영월군 영월읍 하송리 171-3,강원특별자치도 영월군 영월읍,,,,,,강원특별자치도,,,,,,inf
판매시설,강원특별자치도 양양군 양양읍 서문리 334,강원특별자치도 양양군 양양읍,,,,,,강원특별자치도,,,,,,inf
판매시설,강원특별자치도 강릉시 사천면 판교리 678-2,강원특별자치도 강릉시 사천면,,,,,,강원특별자치도,,,,,,inf
판매시설,강원특별자치도 동해시 단봉동 269-1,강원특별자치도 동해시 북평동 ,,,,,,강원특별자치도,,,,,,inf
판매시설,강원특별자치도 춘천시 온의동 285-4,강원특별자치도 춘천시 강남동,,,,,,강원특별자치도,,,,,,inf
판매시설,충청북도 제천시 청전동 5-1 ,충청북도 제천시 청전동,,,,,,충청북도,,,,,,inf
판매시설,충청북도 청주시 흥덕구 봉명동 530,충청북도 청주시 흥덕구 봉명2·송정동,,,,,,충청북도,,,,,,inf
판매시설,충청북도 청주시 청원구 북이면 옥수리 6-1,충청북도 청주시 청원구 북이면,,,,,,충청북도,,,,,,inf
판매시설,충청북도 충주시 봉방동 84-7,충청북도 충주시 봉방동,,,,,,충청북도,,,,,,inf
판매시설,충청북도 청주시 서원구 현도면 우록리 746,충청북도 청주시 서원구 현도면,,,,,,충청북도,,,,,,inf
판매시설,충청남도 천안시 서북구 신당동 488-7,충청남도 천안시 서북구 부성1동,,,,,,충청북도,,,,,,inf
판매시설,충청남도 천안시 서북구 두정동 801-1,충청남도 천안시 서북구 부성2동,,,,,,충청북도,,,,,,inf
판매시설,충청남도 아산시 도고면 금산리 33-17,충청남도 아산시 도고면,,,,,,충청북도,,,,,,inf
판매시설,충청남도 당진시 시곡동 140-2,충청남도 당진시 당진3동,,,,,,충청북도,,,,,,inf
판매시설,충청남도 공주시 신관동 265-4,충청남도 공주시 신관동,,,,,,충청북도,,,,,,inf
판매시설,대전광역시 대덕구 비래동 140-6,대전광역시 대덕구 비래동,,,,,,대전광역시,,,,,,inf
판매시설,대전광역시 서구 도마동 35-7,대전광역시 서구 도마1동,,,,,,대전광역시,,,,,,inf
판매시설,대전광역시 중구 오류동 175-13,대전광역시 중구 오류동,,,,,,대전광역시,,,,,,inf
판매시설,대전광역시 서구 정림동 396,대전광역시 서구 정림동,,,,,,대전광역시,,,,,,inf
판매시설,대전광역시 유성구 장대동 211-42,대전광역시 유성구 온천2동,,,,,,대전광역시,,,,,,inf
판매시설,경상북도 영천시 완산동 917-3,경상북도 영천시 완산동,,,,,,경상북도,,,,,,inf
판매시설,경상북도 구미시 공단동 263,경상북도 구미시 공단동,,,,,,경상북도,,,,,,inf
판매시설,경상북도 포항시 북구 흥해읍 성곡리 991,경상북도 포항시 북구 흥해읍,,,,,,경상북도,,,,,,inf
판매시설,경상북도 포항시 북구 죽도동 677-9,경상북도 포항시 북구 죽도동,,,,,,경상북도,,,,,,inf
판매시설,경상북도 경주시 용강동 1347-4,경상북도 경주시 용강동,,,,,,경상북도,,,,,,inf
판매시설,경상남도 함안군 가야읍 도항리 81-2,경상남도 함안군 가야읍,,,,,,경상북도,,,,,,inf
판매시설,경상남도 김해시 진영읍 여래리 473-2,경상남도 김해시 진영읍,,,,,,경상북도,,,,,,inf
판매시설,경상남도 진주시 칠암동 302-2,경상남도 진주시 천전동,,,,,,경상북도,,,,,,inf
판매시설,경상남도 김해시 삼계동 1244-1,경상남도 김해시 북부동,,,,,,경상북도,,,,,,inf
판매시설,경상남도 김해시 한림면 신천리 260-31,경상남도 김해시 한림면,,,,,,경상북도,,,,,,inf
판매시설,대구광역시 서구 평리동 1527-18,대구광역시 서구 평리5동,,,,,,대구광역시,,,,,,inf
판매시설,대구광역시 달서구 두류동 100-1,대구광역시 달서구 두류1·2동,,,,,,대구광역시,,,,,,inf
판매시설,대구광역시 북구 칠성동2가 346-9,대구광역시 북구 칠성동,,,,,,대구광역시,,,,,,inf
판매시설,대구광역시 달서구 송현동 141-2,대구광역시 달서구 송현2동,,,,,,대구광역시,,,,,,inf
판매시설,대구광역시 수성구 두산동 173-3,대구광역시 수성구 두산동,,,,,,대구광역시,,,,,,inf
판매시설,울산광역시 북구 명촌16길 9,울산광역시 북구 효문동,,,,,,울산광역시,,,,,,inf
판매시설,울산광역시 울주군 청량읍 상남리 574-5,울산광역시 울주군 청량읍,,,,,,울산광역시,,,,,,inf
판매시설,울산광역시 남구 삼산동 1623-5,울산광역시 남구 삼산동,,,,,,울산광역시,,,,,,inf
판매시설,울산광역시 남구 삼산동 224-13,울산광역시 남구 삼산동,,,,,,울산광역시,,,,,,inf
판매시설,울산광역시 중구 태화동 942-13,울산광역시 중구 다운동,,,,,,울산광역시,,,,,,inf
판매시설,부산광역시 해운대구 송정동 117-5,부산광역시 해운대구 송정동,,,,,,부산광역시,,,,,,inf
판매시설,부산광역시 강서구 명지동 3598-5,부산광역시 강서구 명지1동,,,,,,부산광역시,,,,,,inf
판매시설,부산광역시 해운대구 반송동 296-3,부산광역시 해운대구 반송2동,,,,,,부산광역시,,,,,,inf
판매시설,부산광역시 동구 좌천동 242-1,부산광역시 동구 좌천동,,,,,,부산광역시,,,,,,inf
판매시설,부산광역시 수영구 망미동 205-4,부산광역시 수영구 망미2동,,,,,,부산광역시,,,,,,inf
판매시설,전라북도 전주시 덕진구 전미동2가 69-9,전북특별자치도 전주시 덕진구 송천2동,,,,,,전북특별자치도,,,,,,inf
판매시설,전라북도 김제시 용지면 부교리 581-6,전북특별자치도 김제시 용지면,,,,,,전북특별자치도,,,,,,inf
판매시설,전라북도 익산시 왕궁면 도순리 100-61,전북특별자치도 익산시 왕궁면,,,,,,전북특별자치도,,,,,,inf
판매시설,전라북도 김제시 백구면 영상리 331-8,전북특별자치도 김제시 백구면,,,,,,전북특별자치도,,,,,,inf
판매시설,전라북도 전주시 덕진구 금암동 766-1,전북특별자치도 전주시 덕진구 금암1동,,,,,,전북특별자치도,,,,,,inf
판매시설,전라남도,,,,,,,,,,,,,inf
판매시설,전라남도,,,,,,,,,,,,,inf
판매시설,전라남도,,,,,,,,,,,,,inf
판매시설,전라남도,,,,,,,,,,,,,inf
판매시설,전라남도,,,,,,,,,,,,,inf
판매시설,광주광역시,,,,,,,,,,,,,inf
판매시설,광주광역시,,,,,,,,,,,,,inf
판매시설,광주광역시,,,,,,,,,,,,,inf
판매시설,광주광역시,,,,,,,,,,,,,inf
판매시설,광주광역시,,,,,,,,,,,,,inf
판매시설,제주특별자치도,,,,,,,,,,,,,inf
판매시설,제주특별자치도,,,,,,,,,,,,,inf
판매시설,제주특별자치도,,,,,,,,,,,,,inf
판매시설,제주특별자치도,,,,,,,,,,,,,inf
판매시설,제주특별자치도,,,,,,,,,,,,,inf
공장,서울특별시,,,,,,,,,,,,,inf
공장,서울특별시,,,,,,,,,,,,,inf
공장,서울특별시,,,,,,,,,,,,,inf
공장,서울특별시,,,,,,,,,,,,,inf
공장,서울특별시,,,,,,,,,,,,,inf
공장,경기,,,,,,,,,,,,,inf
공장,경기,,,,,,,,,,,,,inf
공장,경기,,,,,,,,,,,,,inf
공장,경기,,,,,,,,,,,,,inf
공장,경기,,,,,,,,,,,,,inf
공장,인천,,,,,,,,,,,,,inf
공장,인천,,,,,,,,,,,,,inf
공장,인천,,,,,,,,,,,,,inf
공장,인천,,,,,,,,,,,,,inf
공장,인천,,,,,,,,,,,,,inf
공장,강원,,,,,,,,,,,,,inf
공장,강원,,,,,,,,,,,,,inf
공장,강원,,,,,,,,,,,,,inf
공장,강원,,,,,,,,,,,,,inf
공장,강원,,,,,,,,,,,,,inf
공장,충청북도,,,,,,,,,,,,,inf
공장,충청북도,,,,,,,,,,,,,inf
공장,충청북도,,,,,,,,,,,,,inf
공장,충청북도,,,,,,,,,,,,,inf
공장,충청북도,,,,,,,,,,,,,inf
공장,충청남도,,,,,,,,,,,,,inf
공장,충청남도,,,,,,,,,,,,,inf
공장,충청남도,,,,,,,,,,,,,inf
공장,충청남도,,,,,,,,,,,,,inf
공장,충청남도,,,,,,,,,,,,,inf
공장,대전,,,,,,,,,,,,,inf
공장,대전,,,,,,,,,,,,,inf
공장,대전,,,,,,,,,,,,,inf
공장,대전,,,,,,,,,,,,,inf
공장,대전,,,,,,,,,,,,,inf
공장,경상북도,,,,,,,,,,,,,inf
공장,경상북도,,,,,,,,,,,,,inf
공장,경상북도,,,,,,,,,,,,,inf
공장,경상북도,,,,,,,,,,,,,inf
공장,경상북도,,,,,,,,,,,,,inf
공장,경상남도,,,,,,,,,,,,,inf
공장,경상남도,,,,,,,,,,,,,inf
공장,경상남도,,,,,,,,,,,,,inf
공장,경상남도,,,,,,,,,,,,,inf
공장,경상남도,,,,,,,,,,,,,inf
공장,대구,,,,,,,,,,,,,inf
공장,대구,,,,,,,,,,,,,inf
공장,대구,,,,,,,,,,,,,inf
공장,대구,,,,,,,,,,,,,inf
공장,대구,,,,,,,,,,,,,inf
공장,울산,,,,,,,,,,,,,inf
공장,울산,,,,,,,,,,,,,inf
공장,울산,,,,,,,,,,,,,inf
공장,울산,,,,,,,,,,,,,inf
공장,울산,,,,,,,,,,,,,inf
공장,부산,,,,,,,,,,,,,inf
공장,부산,,,,,,,,,,,,,inf
공장,부산,,,,,,,,,,,,,inf
공장,부산,,,,,,,,,,,,,inf
공장,부산,,,,,,,,,,,,,inf
공장,전라북도,,,,,,,,,,,,,inf
공장,전라북도,,,,,,,,,,,,,inf
공장,전라북도,,,,,,,,,,,,,inf
공장,전라북도,,,,,,,,,,,,,inf
공장,전라북도,,,,,,,,,,,,,inf
공장,전라남도,,,,,,,,,,,,,inf
공장,전라남도,,,,,,,,,,,,,inf
공장,전라남도,,,,,,,,,,,,,inf
공장,전라남도,,,,,,,,,,,,,inf
공장,전라남도,,,,,,,,,,,,,inf
공장,광주,,,,,,,,,,,,,inf
공장,광주,,,,,,,,,,,,,inf
공장,광주,,,,,,,,,,,,,inf
공장,광주,,,,,,,,,,,,,inf
공장,광주,,,,,,,,,,,,,inf
공장,제주,,,,,,,,,,,,,inf
공장,제주,,,,,,,,,,,,,inf
공장,제주,,,,,,,,,,,,,inf
공장,제주,,,,,,,,,,,,,inf
공장,제주,,,,,,,,,,,,,inf
숙박시설,,,,,,,,,,,,,,inf
숙박시설,,,,,,,,,,,,,,inf
숙박시설,,,,,,,,,,,,,,inf
숙박시설,,,,,,,,,,,,,,inf
숙박시설,,,,,,,,,,,,,,inf
숙박시설,,,,,,,,,,,,,,inf
숙박시설,,,,,,,,,,,,,,inf
숙박시설,,,,,,,,,,,,,,inf
숙박시설,,,,,,,,,,,,,,inf
숙박시설,,,,,,,,,,,,,,inf
숙박시설,,,,,,,,,,,,,,inf
숙박시설,,,,,,,,,,,,,,inf
숙박시설,,,,,,,,,,,,,,inf
숙박시설,,,,,,,,,,,,,,inf
숙박시설,,,,,,,,,,,,,,inf
숙박시설,,,,,,,,,,,,,,inf
숙박시설,,,,,,,,,,,,,,inf
숙박시설,,,,,,,,,,,,,,inf
숙박시설,,,,,,,,,,,,,,inf
숙박시설,,,,,,,,,,,,,,inf
숙박시설,,,,,,,,,,,,,,inf
숙박시설,,,,,,,,,,,,,,inf
숙박시설,,,,,,,,,,,,,,inf
숙박시설,,,,,,,,,,,,,,inf
숙박시설,,,,,,,,,,,,,,inf
숙박시설,,,,,,,,,,,,,,inf
숙박시설,,,,,,,,,,,,,,inf
숙박시설,,,,,,,,,,,,,,inf
숙박시설,,,,,,,,,,,,,,inf
숙박시설,,,,,,,,,,,,,,inf
숙박시설,,,,,,,,,,,,,,inf
숙박시설,,,,,,,,,,,,,,inf
숙박시설,,,,,,,,,,,,,,inf
숙박시설,,,,,,,,,,,,,,inf
숙박시설,,,,,,,,,,,,,,inf
숙박시설,,,,,,,,,,,,,,inf
숙박시설,,,,,,,,,,,,,,inf
숙박시설,,,,,,,,,,,,,,inf
숙박시설,,,,,,,,,,,,,,inf
숙박시설,,,,,,,,,,,,,,inf
숙박시설,,,,,,,,,,,,,,inf
숙박시설,,,,,,,,,,,,,,inf
숙박시설,,,,,,,,,,,,,,inf
숙박시설,,,,,,,,,,,,,,inf
숙박시설,,,,,,,,,,,,,,inf
숙박시설,,,,,,,,,,,,,,inf
숙박시설,,,,,,,,,,,,,,inf
숙박시설,,,,,,,,,,,,,,inf
숙박시설,,,,,,,,,,,,,,inf
숙박시설,,,,,,,,,,,,,,inf
숙박시설,,,,,,,,,,,,,,inf
숙박시설,,,,,,,,,,,,,,inf
숙박시설,,,,,,,,,,,,,,inf
숙박시설,,,,,,,,,,,,,,inf
숙박시설,,,,,,,,,,,,,,inf
숙박시설,,,,,,,,,,,,,,inf
숙박시설,,,,,,,,,,,,,,inf
숙박시설,,,,,,,,,,,,,,inf
숙박시설,,,,,,,,,,,,,,inf
숙박시설,,,,,,,,,,,,,,inf
숙박시설,,,,,,,,,,,,,,inf
숙박시설,,,,,,,,,,,,,,inf
숙박시설,,,,,,,,,,,,,,inf
숙박시설,,,,,,,,,,,,,,inf
숙박시설,,,,,,,,,,,,,,inf
숙박시설,,,,,,,,,,,,,,inf
숙박시설,,,,,,,,,,,,,,inf
숙박시설,,,,,,,,,,,,,,inf
숙박시설,,,,,,,,,,,,,,inf
숙박시설,,,,,,,,,,,,,,inf
숙박시설,,,,,,,,,,,,,,inf
숙박시설,,,,,,,,,,,,,,inf
숙박시설,,,,,,,,,,,,,,inf
숙박시설,,,,,,,,,,,,,,inf
숙박시설,,,,,,,,,,,,,,inf
숙박시설,,,,,,,,,,,,,,inf
숙박시설,,,,,,,,,,,,,,inf
숙박시설,,,,,,,,,,,,,,inf
숙박시설,,,,,,,,,,,,,,inf
숙박시설,,,,,,,,,,,,,,inf
가설건축,,,,,,,,,,,,,,inf
가설건축,,,,,,,,,,,,,,inf
가설건축,,,,,,,,,,,,,,inf
가설건축,,,,,,,,,,,,,,inf
가설건축,,,,,,,,,,,,,,inf
가설건축,,,,,,,,,,,,,,inf
가설건축,,,,,,,,,,,,,,inf
가설건축,,,,,,,,,,,,,,inf
가설건축,,,,,,,,,,,,,,inf
가설건축,,,,,,,,,,,,,,inf
가설건축,,,,,,,,,,,,,,inf
가설건축,,,,,,,,,,,,,,inf
가설건축,,,,,,,,,,,,,,inf
가설건축,,,,,,,,,,,,,,inf
가설건축,,,,,,,,,,,,,,inf
가설건축,,,,,,,,,,,,,,inf
가설건축,,,,,,,,,,,,,,inf
가설건축,,,,,,,,,,,,,,inf
가설건축,,,,,,,,,,,,,,inf
가설건축,,,,,,,,,,,,,,inf
가설건축,,,,,,,,,,,,,,inf
가설건축,,,,,,,,,,,,,,inf
가설건축,,,,,,,,,,,,,,inf
가설건축,,,,,,,,,,,,,,inf
가설건축,,,,,,,,,,,,,,inf
가설건축,,,,,,,,,,,,,,inf
가설건축,,,,,,,,,,,,,,inf
가설건축,,,,,,,,,,,,,,inf
가설건축,,,,,,,,,,,,,,inf
가설건축,,,,,,,,,,,,,,inf
가설건축,,,,,,,,,,,,,,inf
가설건축,,,,,,,,,,,,,,inf
가설건축,,,,,,,,,,,,,,inf
가설건축,,,,,,,,,,,,,,inf
가설건축,,,,,,,,,,,,,,inf
가설건축,,,,,,,,,,,,,,inf
가설건축,,,,,,,,,,,,,,inf
가설건축,,,,,,,,,,,,,,inf
가설건축,,,,,,,,,,,,,,inf
가설건축,,,,,,,,,,,,,,inf
가설건축,,,,,,,,,,,,,,inf
가설건축,,,,,,,,,,,,,,inf
가설건축,,,,,,,,,,,,,,inf
가설건축,,,,,,,,,,,,,,inf
가설건축,,,,,,,,,,,,,,inf
가설건축,,,,,,,,,,,,,,inf
가설건축,,,,,,,,,,,,,,inf
가설건축,,,,,,,,,,,,,,inf
가설건축,,,,,,,,,,,,,,inf
가설건축,,,,,,,,,,,,,,inf
가설건축,,,,,,,,,,,,,,inf
가설건축,,,,,,,,,,,,,,inf
가설건축,,,,,,,,,,,,,,inf
가설건축,,,,,,,,,,,,,,inf
가설건축,,,,,,,,,,,,,,inf
가설건축,,,,,,,,,,,,,,inf
가설건축,,,,,,,,,,,,,,inf
가설건축,,,,,,,,,,,,,,inf
가설건축,,,,,,,,,,,,,,inf
가설건축,,,,,,,,,,,,,,inf
가설건축,,,,,,,,,,,,,,inf
가설건축,,,,,,,,,,,,,,inf
가설건축,,,,,,,,,,,,,,inf
가설건축,,,,,,,,,,,,,,inf
가설건축,,,,,,,,,,,,,,inf
가설건축,,,,,,,,,,,,,,inf
가설건축,,,,,,,,,,,,,,inf
가설건축,,,,,,,,,,,,,,inf
가설건축,,,,,,,,,,,,,,inf
가설건축,,,,,,,,,,,,,,inf
가설건축,,,,,,,,,,,,,,inf
가설건축,,,,,,,,,,,,,,inf
가설건축,,,,,,,,,,,,,,inf
가설건축,,,,,,,,,,,,,,inf
가설건축,,,,,,,,,,,,,,inf
가설건축,,,,,,,,,,,,,,inf
가설건축,,,,,,,,,,,,,,inf
가설건축,,,,,,,,,,,,,,inf
가설건축,,,,,,,,,,,,,,inf
가설건축,,,,,,,,,,,,,,inf
기타,,,,,,,,,,,,,,inf
기타,,,,,,,,,,,,,,inf
기타,,,,,,,,,,,,,,inf
기타,,,,,,,,,,,,,,inf
기타,,,,,,,,,,,,,,inf
기타,,,,,,,,,,,,,,inf
기타,,,,,,,,,,,,,,inf
기타,,,,,,,,,,,,,,inf
기타,,,,,,,,,,,,,,inf
기타,,,,,,,,,,,,,,inf
기타,,,,,,,,,,,,,,inf
기타,,,,,,,,,,,,,,inf
기타,,,,,,,,,,,,,,inf
기타,,,,,,,,,,,,,,inf
기타,,,,,,,,,,,,,,inf
기타,,,,,,,,,,,,,,inf
기타,,,,,,,,,,,,,,inf
기타,,,,,,,,,,,,,,inf
기타,,,,,,,,,,,,,,inf
기타,,,,,,,,,,,,,,inf
기타,,,,,,,,,,,,,,inf
기타,,,,,,,,,,,,,,inf
기타,,,,,,,,,,,,,,inf
기타,,,,,,,,,,,,,,inf
기타,,,,,,,,,,,,,,inf
기타,,,,,,,,,,,,,,inf
기타,,,,,,,,,,,,,,inf
기타,,,,,,,,,,,,,,inf
기타,,,,,,,,,,,,,,inf
기타,,,,,,,,,,,,,,inf
기타,,,,,,,,,,,,,,inf
기타,,,,,,,,,,,,,,inf
기타,,,,,,,,,,,,,,inf
기타,,,,,,,,,,,,,,inf
기타,,,,,,,,,,,,,,inf
기타,,,,,,,,,,,,,,inf
기타,,,,,,,,,,,,,,inf
기타,,,,,,,,,,,,,,inf
기타,,,,,,,,,,,,,,inf
기타,,,,,,,,,,,,,,inf
기타,,,,,,,,,,,,,,inf
기타,,,,,,,,,,,,,,inf
기타,,,,,,,,,,,,,,inf
기타,,,,,,,,,,,,,,inf
기타,,,,,,,,,,,,,,inf
기타,,,,,,,,,,,,,,inf
기타,,,,,,,,,,,,,,inf
기타,,,,,,,,,,,,,,inf
기타,,,,,,,,,,,,,,inf
기타,,,,,,,,,,,,,,inf
기타,,,,,,,,,,,,,,inf
기타,,,,,,,,,,,,,,inf
기타,,,,,,,,,,,,,,inf
기타,,,,,,,,,,,,,,inf
기타,,,,,,,,,,,,,,inf
기타,,,,,,,,,,,,,,inf
기타,,,,,,,,,,,,,,inf
기타,,,,,,,,,,,,,,inf
기타,,,,,,,,,,,,,,inf
기타,,,,,,,,,,,,,,inf
기타,,,,,,,,,,,,,,inf
기타,,,,,,,,,,,,,,inf
기타,,,,,,,,,,,,,,inf
기타,,,,,,,,,,,,,,inf
기타,,,,,,,,,,,,,,inf
기타,,,,,,,,,,,,,,inf
기타,,,,,,,,,,,,,,inf
기타,,,,,,,,,,,,,,inf
기타,,,,,,,,,,,,,,inf
기타,,,,,,,,,,,,,,inf
기타,,,,,,,,,,,,,,inf
기타,,,,,,,,,,,,,,inf
기타,,,,,,,,,,,,,,inf
기타,,,,,,,,,,,,,,inf
기타,,,,,,,,,,,,,,inf
기타,,,,,,,,,,,,,,inf
기타,,,,,,,,,,,,,,inf
기타,,,,,,,,,,,,,,inf
기타,,,,,,,,,,,,,,inf
기타,,,,,,,,,,,,,,inf
